article_id,category,sort_order,title,desc,read_time_min,related_task_ids,body_md,subcategory
LIB-001,funeral,10,葬儀直後の72時間で何を優先すべきか,迷ったら、この順番で,3,RN-D7-01,"お別れの直後は、何も手につかなくて当然です。書類の束を前に「何から始めればいいか」と感じても、それは弱さではありません。

## まず2つだけ

まず動くべきことは、たった2つです。**1日以内**に葬儀社へ連絡して安置先を確保すること。**7日以内**に役所へ死亡届を提出して火葬許可証を受け取ること。

## 後回しでも大丈夫

それ以外の手続き——銀行、保険、年金、遺品整理——は、葬儀が終わってからで十分間に合います。

## ひとりで抱えない

困ったら一人で抱え込まないでください。葬儀社のスタッフは段取りを熟知していますし、役所の「お悔やみコーナー」も無料で案内してくれます。

> ご自分のペースで大丈夫です。「分かりません」と声に出すだけで、必ず誰かが助けてくれます。
",imm
LIB-002,admin,80,死亡届と火葬許可証の流れ,7日以内に役所へ,2,RN-D7-06,"亡くなった日を含めて7日以内に、市区町村の役所へ「死亡届」を提出します。提出と同時に火葬許可証が発行され、これがないと火葬を行うことができません。

## 葬儀社が代行してくれる

実際の手続きは、ほとんどの場合、葬儀社が代行してくれます。ご遺族が用意するのは、病院から受け取った死亡診断書（A3用紙の右半分が死亡届になっています）と届出人の印鑑だけ。提出先は故人の本籍地、死亡地、または届出人の住所地、いずれかの役所です。

## 提出前にコピーを

ひとつだけ、ご自身でやっておきたいことがあります。死亡診断書を役所に提出する前に、**最低でも10枚** コピーを取ってください。原本は戻ってこず、生命保険・銀行・年金など、後の手続きで何度も求められます。

> 葬儀社が大半を進めてくれるので、「初めてで分かりません」と素直に伝えれば大丈夫です。
",start
LIB-016,funeral,80,お通夜・告別式の流れ,通夜から告別式までの流れ,3,,"通夜は故人と最後の夜を過ごす儀式、告別式は別れを告げる儀式です。地域や宗派によって異なりますが、基本の流れを知っておくと心の準備ができます。

## 通夜から告別式まで

通夜は夕方6時頃から始まり、僧侶の読経、焼香、法話、通夜振舞い（軽食）まで約2時間。翌日の告別式は午前10〜11時頃から、読経、焼香、出棺、火葬場での火葬（1〜2時間）、収骨、初七日法要（同日に繰上げ）まで進みます。

## 喪主の役割

喪主は受付近くで参列者にお迎え・お見送りをします。「本日はお越しいただきありがとうございます」の一言で十分です。焼香の作法も、前の人を真似て大丈夫です。

## 服装の基本

服装は黒の喪服、男性は白シャツに黒ネクタイ、女性は黒ストッキングと黒パンプスが基本。

> すべて葬儀社が段取りしてくれます。「分からない」と素直に伝えれば、丁寧に教えてくれます。
",imm
LIB-017,funeral,90,喪主の役割と挨拶のポイント,完璧を目指さなくていい,2,,"喪主は「家を代表する」役割ですが、完璧な所作を求められているわけではありません。気持ちが伝われば十分です。

## 挨拶のタイミング

挨拶のタイミングは、通夜・告別式の最後、出棺時、通夜振舞いの開始時。基本の構成は、参列のお礼→故人の最期の様子→故人を偲ぶ言葉→今後のお願い、という流れです。

## 言葉のひな型

「本日はご多用の中、亡き○○のためにお集まりいただき、誠にありがとうございました」と始めて、「至らぬところもあるかと存じますが、これからも変わらぬご厚誼をお願い申し上げます」で結ぶ。それで十分です。

## 詰まっても大丈夫

涙で続けられなくても、メモを読み上げても、「あとは葬儀社の方から」と引き継いでもかまいません。葬儀社に「挨拶例」をもらって、自分の言葉に少し変えるだけで形になります。

> 上手な挨拶は不要です。短くても、感謝の気持ちが伝われば、参列者は皆さん温かく受け取ってくれます。
",imm
LIB-018,funeral,100,香典のマナー（受け取る側）,受け取る側のマナー,3,,"香典は、故人への弔意とご遺族への助け合いの気持ちです。受け取る側にも、知っておきたい作法があります。

## 受付の基本

受付は親族2〜3名か、親しい知人にお願いするのが一般的。「本日はありがとうございます」と一礼して両手で受け取り、芳名帳に記帳をお願いします。その場で開封したり、金額を確認したりはしません。

## 香典帳と香典返し

香典は葬儀後、必ず **香典帳**（金額・住所・氏名）に整理してください。香典返しは、四十九日法要後に、香典の半額〜1/3ほどの「消えもの」（お茶、海苔、菓子、洗剤、カタログギフト）を、忌明け挨拶状とともに送るのが一般的です。

## 当日返しという選択

最近は受付で香典返しを渡す「当日返し」も増えています。3,000円程度の品で対応し、高額者には後日改めて送る形が一般的です。

> 「マナーを知らない」と恥じる必要はありません。葬儀社のスタッフが丁寧に教えてくれます。
",imm
LIB-019,funeral,110,火葬・収骨の流れ,心を込めて、お見送り,2,,"火葬は、故人の体と最後にお別れする時間です。流れを知っておくと、当日の気持ちの整理がつきやすくなります。

## 当日の流れ

出棺後、霊柩車などで火葬場へ移動。火葬炉前で最後の対面、僧侶の読経、焼香のあと、火葬が始まります。所要時間は **1〜2時間** ほど。控室で軽食をいただきながら、故人の思い出話をする時間です。

## 収骨（お骨上げ）

火葬後は「収骨（お骨上げ）」。2人1組で、足から頭の順に、骨壷へ納めていきます。喪主から始め、近しい家族へと続きます。

## 埋葬許可証は大切に

火葬済みの押印が押された「埋葬許可証」は、納骨時に必要なので大切に保管してください。分骨を希望する場合は、当日ではなく **事前に** 葬儀社に伝えておくと、別途料金がかかりません。

> 体は燃えても、思い出と絆は消えません。お骨をかけがえのないものとして、ご自宅で過ごす時間も大切にしてください。
",imm
LIB-003,inheritance,10,遺言書はどこを探せばよいか,まず家の中を、ていねいに,3,RN-D14-20;RN-M3-22,"遺言書は、思いがけない場所から見つかることがあります。慌てず、心当たりを順番に確認しましょう。

## まず家の中から

最初に探したいのは、自宅の仏壇、金庫、机の引き出し、本棚の隙間、書類フォルダ。次に、銀行の貸金庫を借りていなかったか（通帳の引落履歴に「貸金庫使用料」があれば契約があります）。法務局の保管制度を使っていれば、最寄りの法務局で確認できます。

## 公証役場で検索できる

公正証書遺言は、最寄りの公証役場で「遺言検索システム」を使えば、全国どこの公証役場で作成されたものでも見つかります（手数料無料）。

## 開封は厳禁

もし自筆の遺言書が見つかっても、**絶対に開封しないでください**。家庭裁判所で「検認」という手続きを経る必要があり、勝手に開けると5万円以下の過料の対象になります（法務局保管なら検認不要）。

> 見つからなくても、法定相続分で進めるという道があります。それも不正解ではありません。
",will
LIB-004,bank,10,故人の銀行口座が凍結されたら,まず銀行に死亡を伝える,3,RN-D7-10;RN-D7-17;RN-D14-09;RN-M10-05,"銀行は故人の死亡を知ると口座を凍結します。引き出しも公共料金の引落も止まりますが、お金が消えたわけではありません。相続手続きが終われば、必ず受け取れます。

## まず銀行に電話

まずは銀行に電話して、必要書類の案内をもらってください。一般的には、故人の出生から死亡までの戸籍謄本、相続人全員の戸籍謄本と印鑑証明書、銀行所定の相続手続依頼書が必要になります。

## 葬儀費用に困ったら

葬儀費用や当面の生活費にすぐ困るときは、**仮払い制度** が使えます。1金融機関あたり上限150万円まで、相続手続き完了前でも引き出しが可能です。

## 引落の切替を忘れずに

公共料金やサブスクリプションの引落口座も、別途切り替えが必要です。早めに各事業者へ連絡を。

> 「凍結された＝お金が消えた」ではありません。順を追えば、必ずご家族の手に戻ります。
",access
LIB-005,insurance,10,生命保険の請求はいつ・どうやって,請求しないと支払われない,3,RN-D14-11;RN-D14-11b;RN-D14-11c,"生命保険は、遺族が請求してはじめて支払われます。葬儀費用や当座の生活費の支えになる、大切なお金です。

## 請求の流れ

まず保険会社に電話して、請求書類一式を取り寄せます。提出する書類は、死亡診断書のコピー、戸籍謄本、受取人の本人確認書類など。通常 **1〜2週間** で指定口座に振り込まれます。

## 期限と税金

請求期限は3年が原則。それを過ぎても事情によっては支払われることがあるので、諦めずに連絡してください。受取人が法定相続人の場合、500万円 × 法定相続人の数までは相続税が非課税です。

## 加入状況がわからないとき

故人の加入状況がはっきりしないときは、生命保険協会の「**生命保険契約照会制度**」（手数料3,000円）で、加入の可能性を一括照会できます。

> 「ふと思い出した」程度の保険でも、まず保険会社に電話を。意外な金額が支払われることがあります。
",life
LIB-006,pension,10,健康保険・年金で忘れがちな落とし穴,14日以内に動き出す,3,,"健康保険と年金は、放っておくと余計な保険料が請求されたり、もらえるはずのお金が遅れたりします。死亡から **14日以内** を目安に動き出してください。

## まずやること

まずやるべきは、健康保険証の返却（社保なら勤務先、国保・後期高齢者なら役所）と、年金の受給停止届（年金事務所）。同時に、葬祭費・埋葬料（5万円程度）、未支給年金、高額療養費の還付など、戻ってくるお金もあわせて確認します。

## 遺族厚生年金の確認

故人が会社員だった場合は、配偶者や子に **遺族厚生年金** が支給される可能性があります。請求は5年以内ですが、早めに年金事務所（0570-05-1165、予約推奨）に相談してください。

> 制度は複雑ですが、窓口の方は皆さん丁寧です。「何が分からないか分からない」状態で相談していいんです。
",start
LIB-023,pension,40,介護保険の還付請求を忘れずに,高齢者の方に支払い実績があれば,2,RN-D14-05,"故人が要介護認定を受けて介護サービスを利用していた場合、自己負担分が上限を超えると還付される「**高額介護サービス費**」があります。

## 還付の上限

上限は所得により異なり、住民税非課税世帯で月15,000円、一般所得で月44,400円。これを超えた分が、申請すると戻ってきます。

## 申請が必要

申請は自動ではありません（初回以降は自動振込の自治体多数）。役所から「支給申請書」が届くので、必要事項を記入して返送します。期限はサービス利用月の翌月から **2年以内**。

## 同時に確認したい還付

介護保険料の死亡月までの月割り精算と、医療費・介護費を合算した「高額医療・高額介護合算制度」の還付も、同じタイミングで確認できます。

> 申請しないと戻ってきません。介護されていた方なら、まず役所に「高額介護サービス費はありますか」と確認を。
",back
LIB-024,pension,60,高額療養費の遺族請求,医療費が高額だった月は確認,2,RN-D14-04,"高額療養費は、1か月の医療費自己負担が上限を超えた場合に還付される制度です。亡くなる前の入院費などで使えます。

## 上限の目安

70歳以上の方（年収約370万円以下）の上限は、外来で月18,000円、入院（世帯）で月57,600円。70歳未満や所得により変動します。

## 申請の流れ

申請は、故人の加入していた健康保険組合・協会けんぽ、または市町村の国保窓口へ。受診から2〜3か月後に「申請書」が送られてくることが多いです。期限は **診療月の翌月から2年以内**。

## 認定証を使っていた場合

「限度額適用認定証」を病院で使っていれば、すでに上限まで支払い済みなので追加還付はありません。

> 「保険適用後でも高額」と感じる医療費があれば、まず制度を確認を。数万円〜数十万円戻ることがあります。
",back
LIB-007,inheritance,20,故人の借金は引き継がなければいけないか,3か月以内に決める,3,RN-M3-01;RN-M3-02;RN-M3-07,"借金が心配なときは、相続放棄・限定承認・単純承認のいずれかを **3か月以内** に選びます。何もしないと、自動的に「借金も含めて相続」したことになります。

## 借金の有無を調べる

借金の有無を調べる第一歩は、通帳の振込履歴と自宅の郵便物。それでも不安なら、信用情報機関（CIC・JICC・KSC）に各1,000円で開示請求すれば、過去5〜10年の借入履歴がわかります。

## 3つの選択肢

借金が確実に多いなら相続放棄、判断がつかないなら限定承認、プラスのほうが多いなら単純承認、というのが基本の選び方です。一人で判断が難しいときは、初回相談無料の弁護士・司法書士に早めに相談してください。

> 督促が来ても、その場で「払います」と言わないでください。一度持ち帰って、冷静に判断する時間を持ちましょう。
",debt
LIB-020,inheritance,50,不動産の相続登記（2024年義務化）,2024年から義務化されました,3,RN-Y3-01,"2024年4月から、相続による不動産の名義変更（相続登記）が **義務化** されました。相続を知ってから3年以内に手続きしないと、10万円以下の過料の対象になります。

## 必要書類と費用

必要な書類は、故人の出生から死亡までの戸籍、相続人全員の戸籍と住民票、遺産分割協議書（または遺言書）、固定資産評価証明書など。提出先は、不動産がある場所を管轄する法務局です。

費用は登録免許税（不動産評価額の0.4%）。司法書士に依頼すると5〜10万円が目安ですが、相続人が少なく不動産が1〜2件なら、自分でやることも可能です。

## 間に合わないとき

3年以内に分割協議が間に合わない場合は、「**相続人申告登記**」という暫定的な手続きで罰則を回避できます。本登記は後日でかまいません。

> 売却予定でも、まず相続登記が必要です。「すぐ売るから」と先送りせず、書類集めから始めてください。
",div
LIB-008,inheritance,80,相続放棄を考えるべきとき,家庭裁判所への申述,3,RN-M3-01;RN-M3-02,"相続放棄は、家庭裁判所で「申述」して初めて成立します。「親族に口頭で伝えた」だけでは無効になるので注意してください。

## 期限と手続き

期限は、自分が相続人と知った日から **3か月以内**。提出先は、故人の最後の住所地を管轄する家庭裁判所です。費用は収入印紙800円と郵便切手数百円、書類は申述書、故人の住民票除票、申述人と故人の戸籍謄本が中心になります。

## 受理通知が届くまで

申立てから1〜2か月で「相続放棄申述受理通知書」が届きます。注意点として、故人の財産を使ったり処分したりすると、放棄ができなくなることがあります（葬儀費用への充当は原則OK）。

## 兄弟への連絡を忘れずに

一人だけ放棄すると、次の順位の相続人に権利が移ります。**兄弟姉妹に必ず連絡** してください。「気づいたら借金を背負っていた」というトラブルが起きやすい場面です。

> 「借金があるかも」と心配な段階で動き始めて、結果として放棄を選ばないこともあります。それで問題ありません。
",debt
LIB-021,inheritance,110,遺産分割協議書の作り方,相続人全員の合意を文書化,3,RN-M3-11,"遺産分割協議書は、相続人全員が遺産の分け方に合意したことを示す書類です。不動産登記や預金解約に必須なので、丁寧に作る必要があります。

## 書くべきこと

書くべきは、故人の氏名・本籍・最後の住所・死亡日、相続人全員の氏名・住所、誰が何を相続するか、相続人全員の署名と実印。印鑑証明書も全員分添付します。

## 不動産の書き方

不動産は登記簿どおりの記載が必要です。住所表記ではなく、所在地、地番、地目、地積を正確に。記載漏れの財産が後から見つかると分割し直しになるので、「上記以外の遺産は○○が取得する」のような包括条項を入れると安全です。

## 自分で作るか専門家か

相続人2人ならテンプレート（法務局HPに無料公開）で自分で作れます。複雑なら司法書士（3〜10万円）に依頼を。

> 「気心知れた家族だから口約束で」は危険です。文書化が、何年後かのトラブルを防ぐ最大の備えになります。
",div
LIB-009,daily,10,クレジットカードと公共料金の停止,カードと公共料金を整理,2,RN-D7-10;RN-D14-15,"毎月の引落しは、放っておくとずっと続きます。通帳3か月分とクレジットカード明細を見て、止めるべきものを洗い出しましょう。

## クレジットカードと公共料金

クレジットカードは、各カード会社（番号は券面裏）に死亡を伝えれば、解約手続きを案内してくれます。家族カードやETCカードも自動的に停止になります。

電気・ガス・水道は、同居家族が住み続けるなら名義変更（電話一本でOK、無料）、空き家にするなら解約。携帯・インターネット・NHK・新聞・サブスク（Netflix、Amazon Prime等）も、それぞれの窓口で手続きが必要です。

## 違約金は基本免除

契約者死亡を理由とした解約は、ほとんどの会社で違約金が免除されます。「死亡による解約です」と必ず一言添えてください。

> 月数百円でも、年間にすると数万円。気づかないうちに引かれ続けるのが、一番もったいない出費です。
",contracts
LIB-027,daily,30,故人の自動車をどうするか,名義変更 or 売却,3,RN-M10-07,"故人の自動車は、**継続して使う** か **売却・廃車** するか、2つの選択肢があります。

## 名義変更の場合

家族が乗り続けるなら、陸運局で「移転登記」（500円程度、自分で可能）。任意保険は、配偶者や同居の親族なら **等級を引き継げる** ので、保険会社に名義変更を依頼してください。

## 売却・廃車の場合

売却するなら買取業者へ、廃車するなら廃車業者へ（買取になることもあります）。複数社で見積もりを取るのが鉄則です。

任意保険を解約する場合は、「**中断証明書**」を発行してもらってください。10年間有効で、新車購入時に等級が復活します。

## ローンが残っているとき

ローンが残っている場合は、ローン会社に連絡を。団体信用生命保険があれば残債が消えることもあります。

> 「思い出があるから手放せない」と感じるのも自然です。1年は使ってみて、それから判断するのもいいでしょう。
",vehicle
LIB-022,daily,60,故人の住居をどう片付けるか,焦らず、一部屋ずつ,3,RN-D14-18;RN-D14-60,"遺品整理は、グリーフケアの一部でもあります。「いつまでに」と決めず、自分のペースで進めてください。

## 急がなくていい

賃貸の退去期限がある、衛生面の問題があるといった事情がなければ、急ぐ必要はありません。1年以上かかることも自然です。「触れるだけで涙が出る」状態なら、半年は手をつけなくてもかまいません。

## おすすめの順番

順番のおすすめは、期限のあるもの（薬・食品・季節物）→衣類・日用品→大型家具・家電→写真・手紙・思い出の品。最後の写真と手紙は、感情が大きく動くので、ゆっくり時間をかけてください。

## 業者という選択

業者に依頼するなら、遺品整理士で1部屋10〜30万円が目安。供養・引取り・清掃まで一括してくれます。複数社で見積もりを。

> 故人は「使われないものに執着しないで」と思っているはずです。あなたが楽になることを、一番願っています。
",house
LIB-010,tax,10,相続税の基本：いつ動き始めるべきか,"遺産が3,000万円超なら確認",3,RN-M10-01,"相続税の基礎控除は「**3,000万円 + 600万円 × 法定相続人の数**」。これを超える場合のみ、申告と納税が必要になります。

## 控除額の計算

たとえば妻と子2人なら基礎控除は4,800万円、妻のみなら3,600万円。預貯金、不動産（路線価評価）、生命保険金、死亡退職金などを合算して、これを超えるかをまず確認します。借金や葬儀費用は控除可能です。

## 申告期限と特例

申告期限は **死亡を知った日の翌日から10か月以内**。配偶者の税額軽減（1.6億円または法定相続分まで非課税）や、自宅の評価を最大80%減らす小規模宅地等の特例は、申告して初めて使えます。「税額0」でも申告が必要なことがあるので注意してください。

> 「少額だから関係ない」と決めつけず、まず計算してみてください。都市部の不動産があると、思いがけず基礎控除を超えることがあります。
",basic
LIB-028,tax,50,故人の準確定申告（4か月以内）,4か月以内に税務署へ,3,RN-M4-01,"準確定申告は、故人の生前の所得を相続人が代わりに申告する制度です。期限は **死亡を知った日の翌日から4か月以内**。

## 対象になる方

対象になるのは、自営業・フリーランスの方、副業所得が20万円超のサラリーマン、年金収入400万円超の方、不動産収入があった方、高額医療費を使った方など。期限を過ぎると延滞税や無申告加算税がかかります。

## 還付になることも多い

医療費が10万円超だった場合（医療費控除）や、生命保険料控除、ふるさと納税の寄附金控除を活用すると、数万円〜数十万円の還付になることも珍しくありません。

## 国税庁のサイトが便利

国税庁HPの「確定申告書等作成コーナー」で、画面の質問に答えるだけで申告書ができます。複雑なら税理士へ（5〜15万円）。

> 「面倒くさい」で飛ばすと、戻ってくるはずのお金を逃します。医療費が高かった年は特に確認を。
",declare
LIB-011,digital,10,故人のスマホ・SNS・サブスクをどう整理するか,思い出を守りながら整理,3,RN-D7-16,"スマートフォンには、写真、連絡先、思い出が詰まっています。慌てて解約せず、まずデータを救出することから始めてください。

## 救出の優先順位

優先順位は、写真・動画→連絡先→メッセージやLINEのトーク履歴。クラウド（iCloud、Googleドライブ）にバックアップが残っていれば、機種変更時のように取り出せます。

## SNSとサブスク

SNSは、Facebook と Instagram は「追悼アカウント化」、LINE はトーク履歴を保存してから削除、X（Twitter）は家族からの依頼で削除可能です。サブスクリプション（iCloud+、Google One、動画・音楽配信）は、別途解約しないと月額が続きます。

## ロックが解けないとき

ロックを解除できないときは、Apple Store やデータ復旧業者（数万円〜）に相談する道もあります。

> 「何があるか分からないから消す」より、「中を見てから判断する」のがおすすめです。
",device
LIB-029,digital,30,故人のメールアカウントの扱い,思い出のメールを残す,2,,"故人のメールアカウントには、大切なやり取りや、家族が知らなかったつながりがある可能性があります。

## サービスごとの対応

Gmail なら、生前に「アカウント無効化管理ツール」を設定していれば家族が引き継げます。なければ Google に「アクセス申請」しますが、結果が出るまで数か月かかります。プロバイダメール（OCN、BIGLOBE等）は、契約解約と同時に消滅するので、解約前にデータをエクスポートしておくと安心です。

## 検索のコツ

アクセスできる場合は、まず受信トレイで「契約」「解約」「振込」「請求」を検索してみてください。自動引落のサブスクや、知られていなかった取引が見つかります。

## 友人への報告

故人と親しかった友人・知人を見つけたら、訃報を伝えるのも一つの選択。葬儀の案内が遅れたお詫びとしてもよいでしょう。

> メールは「現代の手紙」です。物理的な手紙と同じくらい、思い出と情報が詰まっています。
",device
LIB-012,pension,110,遺族年金：もらえる人ともらえない人,配偶者・18歳未満の子に,3,RN-D14-08;RN-D14-24,"遺族年金は、故人の働き方によって、もらえる人と金額が変わります。条件は複雑ですが、まず年金事務所に相談を。

## 遺族基礎年金

**遺族基礎年金**（国民年金）は、18歳到達年度末までの子がいる配偶者、またはその子本人に支給されます。基本年額は約81万円で、子の人数に応じた加算があります。

## 遺族厚生年金

**遺族厚生年金**（厚生年金）は、配偶者・子・父母・孫等に支給されます。妻は年齢制限なし、夫は55歳以上で60歳から、というのが基本。金額は故人の老齢厚生年金の3/4が目安です。

## 請求は5年以内

請求期限は5年。過ぎても遡って支払われることがあるので諦めずに。年金事務所は予約制（0570-05-1165）です。

> 制度は複雑なので、年金事務所での相談が一番確実です。「対象か分からない」状態で予約していいんです。
",bereaved
LIB-025,funeral,150,喪中はがきはいつ・誰に出すか,11月中旬までに送る,2,,"喪中はがきは、年賀状を控えることをお知らせする挨拶状です。**11月中旬から12月初旬** までに届くよう手配します。

## 出す範囲

出す範囲は、普段年賀状をやり取りしている方と葬儀に参列いただいた方が中心。一親等（親・子）の場合は必ず、二親等（祖父母・兄弟姉妹）以降は同居か密な関係なら出す、というのが目安です。

## 文面のひな型

文面は「喪中につき年末年始のご挨拶を失礼させていただきます」と始めて、故人の続柄・氏名・年齢・命日、お礼の言葉、結びの挨拶という流れ。切手は弔事用（胡蝶蘭の切手）、薄墨色の文字が伝統です。

## 間に合わないときは寒中見舞い

11月に間に合わなかった場合は、年明けに「**寒中見舞い**」（1月7日〜2月4日）で代用できます。

> 「年賀状を出さないお詫び」ではなく、「悲しみを共有してくれる方々への挨拶」です。形式にとらわれすぎず、気持ちを優先してください。
",mem
LIB-013,grief,10,悲しみの中で手続きに追われているあなたへ,いまの自分を、責めないで,3,,"手続きの山に追われて、悲しむ時間さえ持てない。それは、ご自分が冷たいからではありません。眠れない、食べられない、涙が出ない——どれも、心と体が悲しみを必死に処理している証です。

## ひとつずつで十分

今日は「銀行に電話する」だけでも立派です。明日は「保険会社に書類を送る」。それで一日が終わっても、それでいいんです。遺品整理もお墓のことも、何か月、何年かかってもかまいません。

## 危険なサインに気づいたら

もし2週間以上、眠れない・食べられない状態が続いたり、「自分も逝きたい」気持ちが強くなったら、一人で抱えないで心療内科か **よりそいホットライン（0120-279-338、24時間無料）** へ電話してください。

> 「悲しんでいる時間がない」と感じても、悲しみは消えません。あとから必ず訪れます。そのとき、どうかご自分にやさしくしてあげてください。
",self
LIB-014,grief,20,子どもにどう伝えるか,事実を、その子に合う言葉で,3,,"子どもには「分からないだろう」と思いがちですが、子どもは大人が思う以上に状況を感じ取っています。年齢に合わせて、誠実に伝えてください。

## 嘘をつかない

大切なのは、嘘をつかないこと。「眠っているだけ」「旅行に行った」は、子どもをかえって混乱させます。「死」という言葉を、その子に合う形で使ってください。

## 年齢に合わせて

3〜6歳なら「亡くなったの。もう、会えないの。でも、あなたのことを大好きだったよ」。9歳以上なら、病気や事故などの事実も含めて伝えます。何度同じ質問をされても、同じ答えを返してあげてください。

## 「あなたのせいじゃない」

そして、「**あなたのせいじゃない**」を繰り返し伝えること。子どもは状況を自分のせいにしがちです。退行（赤ちゃん返り）や急に明るくなることも、すべて自然な反応です。

> 子どもは思う以上に強く、また脆い存在です。「あなたを守る大人がここにいる」を、繰り返し伝えてください。
",relation
LIB-026,grief,30,一周忌までの法要スケジュール,一周忌までの法要スケジュール,3,,"葬儀後も、節目ごとに故人を偲ぶ法要が続きます。一周忌までの主な節目を整理しておくと、気持ちの準備がつきやすくなります。

## 主な節目

最も重要なのが **四十九日**（忌明け、納骨を兼ねることが多い）。次に百か日（最近は省略することが多い）、そして一周忌（命日から1年後）。命日の数え方は、亡くなった日を1日目として数えます。

## 日程のコツ

法要は「正確な日」より「集まりやすい土日」に **前倒し** が慣例です。後ろ倒しは避けます。お布施は四十九日で3〜5万円、引出物は一人2,000〜5,000円ほどが目安。

## 招く範囲

四十九日と一周忌は親族・親しい方を招くのが一般的、それ以降は家族中心で簡素化する家庭も増えています。家族のみで集まる、菩提寺で読経のみ、なども選択肢です。

> 形式に気負わず、家族で集まって思い出を語る時間として大切にしてください。
",time
LIB-015,grief,70,自分のペースで悲しんでいい,時間が解決するわけじゃない,3,,"「もう半年経ったのに」「いつまでも引きずって」——周りの言葉や、自分自身の声に、傷つくことがあります。

## 治るものではない

グリーフ（悲嘆）は、乗り越えるべき病気ではありません。**悲しみと共に生き続ける** ことを、少しずつ覚えていく過程です。1年目より3年目のほうが辛いと感じる人もいます。命日や誕生日、季節の変化で揺れ動くのは、健康な反応です。

## 周りの言葉に振り回されない

周りからかけられる「もう乗り越えなきゃ」「強くならなきゃ」といった言葉に、悪意はないことが多いです。それでも傷つくのは正常な反応。「気にかけてくれてありがとう」とだけ返して、距離を取って大丈夫です。

## 専門家に頼っていい

日常生活が長期間営めない、自分を傷つけたい気持ちが続く、「逝きたい」が強い——そんなときは、心療内科やよりそいホットライン（0120-279-338）へ。

> 「いつまで悲しんでいいの？」の答えは、「あなたが悲しい間ずっと」です。誰かの時間軸に合わせる必要はありません。
",self
LIB-030,grief,170,大切な人の物をいつ片付けるか,「片付ける」ではなく「向き合う」,2,,"故人の物を片付けるのは、片付けではなく「向き合う」時間です。「いつまでに」と決めず、自分のペースで進めてください。

## 順番のおすすめ

急ぐ理由（賃貸退去等）がなければ、1か月以上空けてから始めても遅くありません。順番のおすすめは、期限のあるもの（薬・食品・季節物）→衣類・日用品→大型家具・家電→写真・手紙・思い出の品。

## 写真と仏壇

写真や手紙は、感情が大きく動くので最後に。スキャンしてデジタル化したり、アルバムにまとめたりすると、無理に手放さなくても整理できます。仏壇や神棚は、仏具店やお寺で「閉眼供養（魂抜き）」を依頼してください（1〜3万円）。

## 「捨てる罪悪感」と向き合う

「全部残す」は物理的に不可能です。**写真に撮ってから手放す**、必要としている人に譲る、というのも立派な供養になります。

> 物を片付けながら、故人と会話している自分に気づくはずです。それは別れではなく、新しい関係の始まりです。
",time
LIB-031,funeral,20,自宅葬と家族葬の違い,どちらも「身内中心の葬儀」,3,RN-D7-01,"自宅葬と家族葬は似ていますが、場所と参列者の範囲が異なります。

## 自宅葬とは

**自宅葬** は、故人の自宅で葬儀を行う形。場所が自宅というだけで、参列者数は問いません。費用は30〜80万円ほど。住み慣れた場所で送れる一方、自宅の片付けや近所への配慮が必要です。

## 家族葬とは

**家族葬** は、参列者を家族・親族中心に絞った葬儀。場所は問わないので、葬儀場でも自宅でも行えます。費用は50〜100万円ほど。親しい人だけでゆっくり送れる一方、後日「呼ばれなかった」と言われるリスクもあります。

## トラブルを防ぐコツ

家族葬を選ぶときは、訃報案内に「家族葬」と明記し、「ご厚志（香典・供花）はご辞退」を一文添えるとトラブルを防げます。後日の弔問には丁寧に対応してください。

> 葬儀の形に「正解」はありません。故人がどう送られたかったか、家族がどう送りたいか。それを基準に選んでください。
",type
LIB-032,funeral,30,お布施の相場と渡し方,金額に迷ったときの目安,2,,"お布施は僧侶への謝礼で、明確な「料金」ではないため、金額に悩む方が多くいらっしゃいます。

## 葬儀全体の目安

通夜・葬儀全体のお布施は、宗派により幅がありますが、おおよそ **20〜50万円** が一つの目安です。これに加えて、お車代として5,000〜1万円、会食を辞退された場合の御膳料として5,000〜1万円を別封筒で用意します。戒名料を含めるかどうかも宗派により異なるため、菩提寺に直接確認するのが確実です。

## 渡し方の作法

封筒は白無地、表書きは「**御布施**」。袱紗から取り出して両手で渡すのが作法です。渡すタイミングは、葬儀前後の挨拶時か、火葬場での合間が一般的です。

## 直接聞いていい

「いくらお包みすればよいですか」と住職に直接伺っても、失礼にはあたりません。それでも迷うときは、葬儀社に「この地域の相場」を聞くのが、もっとも安全な判断材料になります。

> 形式より、故人を偲ぶ気持ちが何より大切です。納得のいく額を選んでください。
",type
LIB-033,funeral,40,散骨・樹木葬・永代供養という選択,「お墓を持たない」選択肢,3,,"お墓を継ぐ人がいない、遠方で管理が難しい。そんな理由から、お墓を持たない選択をするご家庭が増えています。

## 散骨と樹木葬

**散骨** は、海や山に粉末化した遺骨をまく方法。法律的には「葬送のため節度をもって」行えば違法ではありませんが、自治体条例で禁止されている場所もあるため、業者に依頼するのが安心です（5〜30万円）。

**樹木葬** は、木の根元などに埋葬する自然志向の方法。費用は5〜100万円と幅広く、無宗教でも対応可能です。

## 永代供養と納骨堂

**永代供養** は、寺院や霊園が代々供養してくれる仕組み（10〜100万円）。**納骨堂** は屋内施設で、天候に左右されず参拝しやすいのが特徴です（30〜200万円）。

## 契約前の注意

「永代」と謳いつつ実際は33回忌までなど期限がある場合もあります。契約書を必ず確認してください。

> 「お墓は要らない」は、最近は珍しい選択ではありません。家族で話し合って、納得のいく形を選んでください。
",mem
LIB-034,admin,110,死亡退職金・弔慰金の請求,勤務先に問合せ,2,RN-D7-14;RN-D14-42;RN-D14-43,"死亡退職金や弔慰金は、会社が遺族に支払うお金です。**請求しないと支払われない** こともあるので、必ず勤務先に確認してください。

## 問合せ先と金額の目安

問合せ先は、勤務先の人事・総務部門。死亡退職金は退職金規程に基づき支給され、平均で月給の数か月分。弔慰金は、業務上の死亡なら給料の3年分、業務外なら半年分が目安です（中小企業では支給がないことも）。

## 必要書類と受取人

提出する書類は、死亡診断書のコピー、戸籍謄本、受取人の本人確認書類、振込先口座など。受取人は通常、配偶者→子→父母の順に優先されます。

## 税金の優遇

税金面では、死亡退職金は **500万円 × 法定相続人** まで非課税。弔慰金も業務上3年分まで（業務外は半年分まで）非課税です。

> 「いくら出るか」は会社次第。まず勤務先の総務部門に確認の電話をしてみてください。
",money
LIB-035,inheritance,30,法定相続情報証明制度の使い方,一覧図1枚で全手続き,3,RN-M3-03;RN-M3-07;RN-M10-05,"法定相続情報証明制度は、相続関係を1枚の図にまとめた「法定相続情報一覧図」を法務局が発行してくれる制度です。各種手続きで戸籍謄本の束を提出する必要がなくなり、何度も同じ戸籍を取り直す手間が省けます。

## 必要な準備

申請に必要なのは、故人の出生から死亡までの戸籍、相続人全員の戸籍、住民票、申出書、そして自分で作成した法定相続情報一覧図（法務局HPにExcelテンプレートあり、手書きでも可）。

## 申請先と費用

提出先は、故人の本籍地、最後の住所地、相続人の住所地、不動産の所在地のいずれかを管轄する法務局。**手数料は無料**、何枚でも発行できます。

## どこで使えるか

銀行・法務局・税務署・年金事務所など、ほぼすべての相続手続きで使えます。司法書士に依頼すれば1〜3万円で代行してくれます。

> 戸籍集めの時間と労力を考えると、この制度を使わない理由はありません。まず一覧図を作ることを最優先に。
",tax
LIB-036,inheritance,90,子どもがいない夫婦の相続,兄弟姉妹も相続人になる,3,,"子どもがいない夫婦の場合、配偶者と故人の親（または兄弟姉妹）が相続人になります。トラブル防止のため、生前からの備えが特に大切です。

## 法定相続分

法定相続分は、故人の親が存命なら配偶者2/3・親1/3。親がすでに亡くなり兄弟姉妹がいる場合は、配偶者3/4・兄弟姉妹1/4。日頃の付き合いがほとんどない兄弟姉妹にも、財産を渡す義務が生じることになります。

## 公正証書遺言で備える

備えの基本は、公正証書遺言で「**全財産を配偶者に相続させる**」と明記すること。兄弟姉妹には遺留分がないため、これだけで配偶者にすべて残せます（親が存命なら親に1/6の遺留分あり）。

## 保険・共有名義も活用

生命保険の受取人を配偶者に指定したり、自宅を共有名義にしたりするのも、確実に残すための方法です。

> 「子どもがいないから揉めない」は誤解です。むしろ疎遠な兄弟との調整が必要になります。生前からの備えを。
",spec
LIB-037,inheritance,120,認知症だった故人の財産,判断能力低下時の備え,3,,"故人が認知症だった場合、生前の契約や預金の動きをめぐって相続が複雑になることがあります。

## 「使い込み」と疑われないために

ありがちなのは、「家族が代理で預金を引き出していた」「介護費用を立て替えていた」というケース。他の相続人から「使い込み」と疑われないよう、**領収書と介護日誌** を保管しておくことが大切です。

## 寄与分の主張

長年介護してきた相続人は、「**寄与分**」として相続分が増えることがあります。介護日誌、医療費領収書、ケアマネジャーの記録などが証拠になります。

## 成年後見人がいた場合

成年後見人が選任されていた場合は、後見人が財産管理の記録を保管しています。家庭裁判所への報告書も入手できます。後見業務は故人の死亡で終了します。

> 介護で疲れていた家族には、複雑な相続手続きはさらに大変です。早めに弁護士・税理士に相談することをおすすめします。
",spec
LIB-038,bank,40,故人の株式・投資信託の相続,評価日と現金化のタイミング,3,RN-D14-10,"故人が保有していた株式・投資信託は、相続税の対象です。価格変動があるため、評価と手続きにコツが必要です。

## 手続きの流れ

まず証券会社に死亡を連絡し、相続人代表者の口座を開設して、故人の口座から移管します。必要書類は戸籍謄本一式、印鑑証明書、残高証明書（死亡日時点）など。

## 評価のコツ

相続税の評価は、死亡日の終値、または死亡月・前月・前々月の月平均のうち、**一番安い値** で計算できます。譲渡所得税の計算では、取得費は故人の購入価格を引き継ぎます。

## NISA口座は要注意

注意したいのは **NISA口座**。NISA は相続できず、一般口座に移管されて課税対象になります。早めの手続きが税金面で有利です。

中小企業の自社株を保有していた場合は、「事業承継税制」で相続税の納税猶予が受けられることがあるので、税理士に相談を。

> 株式市況によって評価額が大きく変わりますが、死亡日の終値で固定されるため、その後の値動きは相続税に影響しません。
",asset
LIB-039,bank,60,故人の住宅ローンが残っていたら,団信加入なら完済される,3,RN-M3-04,"住宅ローンを組んでいた場合、**団体信用生命保険（団信）** に加入していれば、ローン残高は0になります。これがあるかないかで、その後の生活設計が大きく変わります。

## まず団信の確認

まずは住宅ローンの契約書を確認するか、銀行に直接「団信加入していたか」を問合せてください。加入していれば、銀行に死亡診断書と戸籍謄本を提出し、保険会社の審査（1〜3か月）を経て、自動的に完済されます。

## 抵当権抹消登記

完済後は、抵当権抹消登記が別途必要です。司法書士に依頼すると2〜5万円、自分でやれば登録免許税1,000円程度です。

## 団信なしの場合

団信に加入していなかった場合や、フラット35の一部のみだった場合は、ローンが相続人に引き継がれます。返済が困難なら、相続放棄も選択肢に入ってきます。

> 住宅ローンがある状態で亡くなった場合、最初に「団信に入っていたか」を確認してください。これで人生設計が大きく変わります。
",asset
LIB-040,insurance,40,火災保険・自動車保険の手続き,名義変更 or 解約,2,RN-M10-07,"火災保険・自動車保険は、故人名義のままだと事故や災害時に保険金が下りないリスクがあります。早めに対応してください。

## 火災保険の対応

**火災保険** は、自宅を相続して住み続けるなら名義変更、売却・解体するなら解約。

## 自動車保険の対応

**自動車保険** は、配偶者・同居の親族なら等級を引き継いで名義変更が可能ですが、別居の子は引き継げず新規6等級スタートになります。

車を手放すなら、「**中断証明書**」を発行してもらってください。10年有効で、新車購入時に等級が復活します。等級が高い保険は資産価値があります。

## 自賠責保険

自賠責保険は車両に紐付くので、車の名義変更時に同時に手続きします。残期間がある場合は引き継ぎ可能です。

> 保険は「使うときに困らない」ためのもの。契約者死亡を理由とした名義変更は無料、手続きも簡単です。
",damage
LIB-041,pension,70,国民年金・厚生年金の未支給請求,亡くなった月までの年金,2,RN-D14-07,"故人が受給していた年金で、まだ受け取っていない分（**未支給年金**）は、遺族が請求できます。請求しないとそのまま消えてしまうお金です。

## 受け取れる範囲

死亡月までの年金分と、翌月15日に振り込まれる予定だった分が対象。受給できるのは、配偶者→子→父母→孫→祖父母→兄弟姉妹の順で、故人と **生計を同じくしていた** ことが条件です。

## 請求の流れ

年金事務所で「未支給年金請求書」を取り寄せ、故人の年金証書、戸籍謄本、住民票、振込先口座の通帳をそろえて提出します。約1〜2か月で振り込まれます。

## 期限と金額

期限は **5年以内**。タイミング次第で、月15万円受給だった方なら15〜30万円が振り込まれることもあります。

> 「故人がもらうはずだったお金」が手付かずで残っています。申請しないと消えてしまうので、忘れず請求してください。
",back
LIB-042,daily,40,配偶者居住権という制度,配偶者が自宅に住み続けられる権利,3,,"配偶者居住権は2020年から始まった制度で、故人の自宅に **配偶者が亡くなるまで（または期限を決めて）住み続けられる権利** です。

## 制度のしくみ

仕組みは、自宅の所有権を子へ、居住権を配偶者へ分けるというもの。配偶者は住み慣れた家を離れずに済み、預金など他の財産も相続しやすくなります。配偶者が亡くなると居住権は消滅し、子が完全な所有者になります（二次相続の節税効果も）。

## 設定の方法

設定は、遺言書で指定するか、遺産分割協議で合意するか、家庭裁判所の審判で決めます。評価が複雑なので、税理士・司法書士のサポートが必須です。

## 修繕や売却の取り扱い

通常の修繕費は配偶者負担、大規模修繕は所有者（子）負担というのが原則。売却したい場合は配偶者の同意が必要になります。

> 「自宅は残したい、でも預金も欲しい」という配偶者のニーズに応える制度。遺言書での明記が確実です。
",house
LIB-043,daily,100,お墓・仏壇を引き継ぐ・たたむ,継ぐ人がいない・遠方なら,3,,"お墓・仏壇は、継ぐ人がいなくなる前に、計画的な「墓じまい」「仏壇じまい」を考えるご家庭が増えています。

## 墓じまいの流れ

**墓じまい** は、改葬許可申請（自治体に申請、費用ほぼ無料）→遺骨の取り出し→墓石の撤去（1平米10〜15万円、標準的なお墓で15〜30万円）→お寺への離檀料（5〜30万円が目安、法的義務はない）という流れ。永代供養墓や樹木葬、散骨などへの移転先も同時に決めます。

## 仏壇じまいの流れ

**仏壇じまい** は、仏具店やお寺で「**閉眼供養（魂抜き）**」を依頼してから処分します。お布施は1〜5万円、仏壇処分は1〜10万円、位牌の永代供養は1〜5万円が目安。

## 親族との合意形成

親族間で揉めやすい場面なので、早めに合意形成を。「自分の代で」の方も、親が元気なうちから話しておくのがおすすめです。

> 墓じまいは「終わり」ではなく「新しい供養の形への移行」。家族で納得のいく形を選んでください。
",house
LIB-044,digital,20,パスワードがわからないときの対処,できる対処、できない対処,3,RN-D7-16,"故人のスマホ・PC・各種アカウントのパスワードがわからない——よくある悩みです。**できることとできないこと** を整理しておきましょう。

## まず探すべき場所

まず探したいのは、終活ノート、日記帳、手帳、机の引き出し、金庫・封筒、パスワードマネージャー（1Password、LastPass等）、ブラウザの保存パスワード。意外な場所に書き残されていることが多いです。

## デバイスごとの状況

iPhone のロックは、Apple Store でも開けられません。生前に「故人連絡先」を設定していなければ、データへのアクセスは困難です。Android はメーカー・機種次第。Windows PC は Microsoft アカウントでリセット可能、Mac は Apple ID でリセット可能なことが多いです。

## 諦めずに済むケース

銀行や保険会社、クレジットカード会社は、パスワードがなくても書類で相続手続きが進められます。一方、暗号資産の秘密鍵がない場合は、永久に取り出せません（LIB-059参照）。

> 全てを取り戻すことはできなくても、家族の繋がりは失われません。残されたメッセージや写真を大切に。
",device
LIB-045,grief,130,葬儀後の親族トラブルを防ぐコツ,「言った・言わない」を防ぐ,3,,"葬儀後に親族間で起きやすいトラブルは、**事前の話し合いと記録** で大半は防げます。

## 香典と葬儀費用の記録

香典は、必ず詳細に記録してください（金額・住所・氏名）。後日のお礼状や香典返しに使えるだけでなく、「誰が何を持ってきた」が明確になります。葬儀費用も領収書をすべて保管し、香典で賄われた分と差額を書面で共有すると安心です。

## 形見分けは丁寧に

形見分けは、親族で集まり、希望を聞いてから。「これがほしい」と言いやすい雰囲気を作ることが大切です。高価な品（ジュエリー等）は、遺産分割協議の中で決めましょう。

## 透明性が信頼を生む

凍結前の預金引出し（葬儀費用への充当）は、メモと領収書で透明化を。一人で相続放棄した場合は、必ず兄弟姉妹に連絡してください。「気づいたら借金を背負っていた」というトラブルが起きやすい場面です。

> 親族関係は財産より大切な「無形の遺産」。多少譲歩してでも、関係を保つ選択が長期的には正解です。
",time
LIB-046,admin,60,市役所のお悔やみコーナーをまず使う,まず「お悔やみコーナー」へ,3,RN-D7-06;RN-D14-01,"役所には「お悔やみコーナー」があります。ひとつの窓口で、複数の手続きをまとめて案内してもらえる仕組みです。

## まとめて済む手続き

国保・後期高齢者医療の資格喪失、介護保険被保険者証の返還、国民年金の手続き、印鑑登録の廃止、児童手当・障害者手帳の返還、葬祭費の申請——これらを一度の訪問で済ませられます。

## 利用の流れ

利用の流れは、役所に電話して「お悔やみコーナーを利用したい」と伝え、予約を取り、必要書類の案内を受けてから訪問する、というシンプルなもの。平日の午前中が空いていることが多く、1〜2時間の枠を確保しておくと安心です。

## 設置がない自治体では

設置していない自治体もあるので、まず電話で確認を。設置がない場合も、総合案内で「お悔やみ手続きをまとめて教えてほしい」と相談すれば、回るべき窓口を教えてくれます。

> 「ひとつの窓口で済む」のは、悲しみの中の遺族にとって何よりの救い。まず電話で問い合わせてみてください。
",start
LIB-047,admin,70,ひとり暮らしの方が亡くなったとき,身寄りの少ない方の手続き,4,RN-D14-60,"ひとり暮らしの方が亡くなったとき、家族や親族にかかる負担は通常より大きくなります。流れを知っておくと、混乱を減らせます。

## まず確認すること

まず確認したいのは、賃貸か持ち家か、ライフラインの契約名義、銀行口座とクレジットカード、かかりつけ医、通帳・保険証券・契約書類の保管場所。日頃から付き合いのあった近所の方の連絡先もあると心強いです。

## 賃貸住まいだった場合

賃貸の場合、大家・管理会社へ連絡して退去意思を伝え、残置物の処分は相続人の責任で行います。賃貸借契約も相続されるため、解約手続きが必要です。

## 葬儀の選択肢

葬儀は家族葬（50〜100万円）や直葬（15〜30万円）を選ぶ方が多くなっています。生活保護受給者なら葬祭扶助制度（事前申請が必須）も検討できます。

## 相続人がいないとき

法定相続人が見つからない場合、財産は最終的に国庫へ。内縁・親しい知人は「特別縁故者」として申立てが可能です。困ったら、市町村の福祉課や地域包括支援センターへ。

> 一人で抱え込まないでください。専門家・行政・地域の支援が必ずあります。
",spec
LIB-048,admin,90,自営業・個人事業主の方が亡くなったとき,事業の引継ぎと廃業,4,,"個人事業主の方が亡くなった場合、通常の死亡手続きに加えて、事業に関する手続きが発生します。

## 税務署への届出

税務署への届出として、廃業届出書（1か月以内）、給与支払事務所等の廃止届出書（従業員がいた場合）、**準確定申告**（4か月以内、LIB-028参照）が必要になります。

## 引き継ぐか廃業か

事業を引き継ぐ場合は、相続人による開業届の提出、屋号・許認可の引継ぎ、取引先への通知が中心。廃業する場合は、在庫・設備の処分、売掛金の回収、買掛金の支払、賃借物件の解約という流れになります。

## 従業員と保証債務

従業員がいた場合は、雇用保険・社会保険の事業所関連の届出と、解雇予告・退職金の支払い。会社の借入の連帯保証人になっていた場合、保証債務も相続されるので、相続放棄も含めて検討してください。

事業の規模に関わらず、税理士に早めに相談することで節税の機会を逃さずに済みます。

> 事業は「人生そのもの」。継ぐか・閉じるかの判断は、家族でじっくり話し合ってください。
",spec
LIB-049,funeral,70,四十九日法要の準備,会場・案内・引出物の段取り,4,,"四十九日法要は、忌明けの大切な節目。葬儀の慌ただしさが過ぎたあと、最初に訪れる本格的な法要です。

## 日程と場所

命日から49日目が原則ですが、平日になる場合は **前の土日に前倒し** するのが慣例。後ろ倒しは避けます。場所は、自宅、お寺、ホテル・式場のいずれか。お寺は移動が少なく、僧侶への配慮も少なくて済むので人気です。

## 案内と引出物

1か月前までに案内状を送り、出欠の返信期限は2週間前が目安。引出物は一人2,000〜5,000円程度、お茶・海苔・タオル・カタログギフトなどの「消えもの」が定番です。

## お布施の目安

お布施は3〜5万円、お車代5,000〜1万円、御膳料（会食を辞退された場合）5,000〜1万円が目安。納骨を同日に行う場合は、埋葬許可証の持参を忘れずに。

> 「正しい作法」より「家族で集まり、故人を偲ぶ時間」が大切。形式に気負わず、温かい時間を持ってください。
",mem
LIB-050,admin,100,法人代表者・役員が亡くなったときの手続き,会社・取引先への対応,4,,"法人の代表取締役や役員が亡くなった場合、会社の運営にも大きな影響が出ます。素早い対応が必要です。

## 役員変更登記が最優先

最優先は、**役員変更登記**（亡くなった日から2週間以内）。後任の代表者を選任し、登記します。司法書士に依頼するのが一般的です。

## 取引先と従業員への対応

主要取引先への連絡、契約書の名義変更、銀行への連絡（代表者印の変更等）も並行して進めます。従業員には全社員報告と業務分担の再確認を。

## 自社株と保証債務

故人が保有していた自社株は相続対象になります。中小企業では「**株式の集中**」が経営継続の鍵で、事業承継税制を活用すれば相続税の納税猶予が可能です。

故人が会社の借入の連帯保証人だった場合、保証債務も相続されるので、相続放棄も含めて検討してください。経営者保証ガイドラインの活用も視野に。

> 会社の規模が小さいほど、代表者の死は事業継続に直結します。日頃から後継者と業務情報を共有することが何よりの備えです。
",spec
LIB-051,inheritance,40,海外資産がある場合の相続,国ごとに手続きが大きく異なる,4,,"故人が海外に預金や不動産を持っていた場合、日本国内の手続きとは別に、その国の相続手続きが必要になります。

## まず資産の把握

まず確認するのは、どの国に、どんな資産があるか。通帳・証券・登記簿のコピーや、現地の代理人や顧問弁護士の有無を整理します。

## 国による手続きの違い

手続きは国によって大きく異なります。米国・英国は「**プロベート**」（裁判所手続き）が必要で、1〜2年、費用も100万円超になることが珍しくありません。アジア圏は国により多種多様。多くの国で共通して、死亡証明書と戸籍謄本の英訳・公証が求められます。

## 日本の相続税

海外資産も日本の相続税の対象です。海外で支払った税金は外国税額控除で調整できますが、国外財産調書の提出が必要なケースもあります。

国際相続に詳しい弁護士・司法書士と、現地弁護士の連携が不可欠です。早めに相談を始めてください。

> 海外資産は「日本の手続きが終わったら」では遅くなります。心当たりがあれば、相続発生直後に専門家へ。
",spec
LIB-052,inheritance,130,遺産分割で揉めたとき：調停・審判の流れ,話し合いで決まらないとき,4,RN-M3-11,"相続人同士で話し合っても遺産分割が決まらないとき、家庭裁判所の手続きが選択肢になります。

## まず遺産分割調停

まず行うのが「**遺産分割調停**」。家庭裁判所に申立てると、調停委員（中立な第三者）が入って話し合いを仲介してくれます。月1回程度、平日に裁判所に行く必要があり、解決まで半年〜1年が目安です。

## 不調なら審判へ

調停がまとまらないと、自動的に「審判」へ。裁判官が法定相続分に基づいて判断するため、当事者の希望は通りにくくなります。

## 費用と弁護士

申立費用は1,200円と郵便切手代のみ。弁護士に依頼する場合は、着手金30〜50万円、報酬は遺産額の3〜10%が相場です。

調停中は遺産が動かせず、預金引出しに全員の同意が必要になります。揉めた相続は10年単位で関係が壊れることが多いので、「妥協して早く終わらせる」も立派な選択です。

> 揉めごとを避けるためには、生前の話し合いと遺言書が何よりの備えです。事後の調停は、家族の関係まで壊しかねません。
",div
LIB-053,inheritance,140,同性パートナー・事実婚の財産承継,法律婚以外のパートナーが備えること,4,,"2026年現在、日本では同性婚が法制化されていません。事実婚も含め、法律婚以外のパートナーは法定相続権を持ちません。だからこそ事前の備えが重要です。

## 何もしないと相続できない

戸籍上の配偶者でないため、自動的には何も相続できず、故人に親や兄弟姉妹がいれば、財産はそちらへ流れます。

## 公正証書遺言が基本

備えの基本は、**公正証書遺言** で「全財産をパートナー○○に遺贈する」と明記し、遺言執行者を指定すること。兄弟姉妹には遺留分がないので、これだけで全財産を渡せます（子や親がいる場合は遺留分に注意）。

遺留分の割合は、配偶者・子なら法定相続分の1/2、親のみなら1/3、兄弟姉妹はなし。

## 保険・パートナーシップ証明

生命保険の受取人を「パートナー」に指定できる保険会社も増えてきました。自治体の **パートナーシップ証明** を取得しておくと、保険・医療同意の場面で有利です。

## 相続税の注意

相続税は、配偶者控除（1.6億円）が使えず、2割加算もかかります。早めに税理士へ相談を。

> 法律が追いついていない部分は、遺言・契約・公的書類で意思を明確に残すことが、大切な人を守る一番の方法です。
",div
LIB-054,pension,50,iDeCo・確定拠出年金の遺族受取,請求しないと受け取れない,3,RN-D14-27,"iDeCo（個人型確定拠出年金）や企業型DCは、遺族が請求しないと受け取れません。残高があれば数百万円〜になることもあります。

## まず加入の有無を確認

まず確認したいのは、故人がiDeCoや企業型DCに加入していたか。通知書やネット口座、勤務先（または元勤務先）に問合せると確実です。受取人は本人指定があればその人、なければ配偶者→子→父母→孫の順になります。

## 請求の流れ

請求の流れは、運営管理機関（金融機関）に連絡して死亡一時金請求書を取り寄せ、戸籍謄本・死亡診断書のコピーなどを提出。1〜2か月で指定口座に振り込まれます。

## 期限を守る

注意したいのは期限。**死亡から5年以内** に請求しないと、相続財産扱いで税負担が増えます。5年以内なら「みなし相続財産」として、法定相続人 × 500万円までは非課税です。

## 加入機関がわからないとき

加入機関がわからない場合は、企業年金連合会（0570-02-2666）に照会できます。

> 「請求しないと受け取れない」のがDCの特徴。心当たりがあれば、必ず確認してください。
",private
LIB-055,pension,80,寡婦年金・死亡一時金とは,遺族年金が受けられないときの選択肢,3,RN-D14-40;RN-D14-41,"遺族基礎年金や遺族厚生年金が受け取れないとき、別の制度として「**寡婦年金**」「**死亡一時金**」があります。自営業や農業者の家庭で頼りになる制度です。

## 寡婦年金とは

**寡婦年金** は、国民年金保険料を10年以上納めた夫を亡くした妻（婚姻期間10年以上）が、60歳から65歳までの間、夫の老齢基礎年金の3/4程度を受け取れる制度。請求期限は5年です。

## 死亡一時金とは

**死亡一時金** は、36か月以上保険料を納めた人が老齢基礎年金を受けずに亡くなった場合の遺族に、12〜32万円が一回限り支給される制度。請求期限は2年です。

## どちらを選ぶか

どちらかしか選べないため、慎重な判断が必要です。一般的に寡婦年金のほうが受取総額は多くなりますが、60歳まで待つ必要があります。

請求先は、市町村役場の国民年金窓口または年金事務所。年金請求書、戸籍謄本、住民票、振込先口座の通帳が基本書類です。

> 「遺族年金がもらえない」と諦めず、まず年金事務所に他の選択肢を確認してください。
",private
LIB-056,tax,30,生命保険金と相続税：非課税枠の使い方,節税効果が大きい制度,3,RN-D14-11,"生命保険金は、相続税の計算で大きな非課税枠が用意されています。知っているだけで税金の負担が大きく変わります。

## 非課税枠の計算

非課税枠は **500万円 × 法定相続人の数**。妻と子2人なら1,500万円までが非課税です。ただし、受取人が法定相続人でないと（孫など）、非課税枠は使えません。受取人が「相続人」と指定されていれば対象になります。

## 契約形態で税金が変わる

契約形態によって課税の種類が変わります。契約者・被保険者が故人で受取人が相続人なら相続税。契約者が妻で被保険者が夫、受取人が妻なら所得税。契約者が夫で被保険者が妻、受取人が子なら贈与税となります。

## 「揉めない財産」として

死亡保険金は遺産分割の対象外（受取人固有の権利）なので、「揉めない財産」として活用されることもあります。相続放棄した人は非課税枠を使えませんが、受取自体は可能です。

> 保険金は「すぐに使えるお金」として葬儀費用や当座の生活費に充てられる貴重な財産。請求を後回しにしないでください。
",estate
LIB-057,daily,70,ペットの引取り先と新しい飼い主探し,残されたペットを大切に,3,,"故人が大切にしていたペットも、家族の一員。残された動物の行き先を考えることも、大切な手続きの一つです。

## 家族で話し合う

まずは家族で話し合い、引き取れるかを判断します。住居（ペット可か）、ライフスタイル、経済的負担、動物の高齢化に伴う介護を考慮してください。

## 引き取りが難しいとき

引き取りが難しい場合、選択肢は「親族・知人への譲渡」「動物保護団体」「里親募集サイト（ペットのおうち、ジモティー等）」「ペット信託」など。動物にとってストレスの少ない譲渡先を探してあげてください。

## 譲渡時の備え

引き取り時には、ワクチン接種証明書、病院の診察カード、フードや薬の情報、性格や好きなもののメモを添えるとスムーズです。

ペット保険に加入していた場合は、名義変更か解約手続きを。マイクロチップの飼い主情報も更新が必要です。

> ペットを手放すことは決して薄情ではありません。大切なのは「動物が幸せに過ごせる場所」を見つけてあげることです。
",pet
LIB-058,daily,90,NHK受信料・新聞の名義変更と解約,見落としがちな日常の契約,3,RN-D14-70;RN-D14-72,"NHK受信料・新聞は、毎月引き落とされている割に意識しにくい契約です。早めに整理することで、無駄な支出を抑えられます。

## NHKの解約

NHKは、受信機を撤去・廃棄したとき、または世帯がなくなったときに解約できます。NHKふれあいセンター（0120-151515）に連絡し、解約届を取り寄せて、死亡を証明する書類のコピーを添えて返送します。月の途中で解約しても日割り精算はありません。

## 新聞の解約

新聞は、販売店に直接電話するのが早いです。集金担当の方に伝えてもよく、月末締めで翌月から停止が一般的。

## その他の見落としやすい契約

その他、見落としやすい契約として、WOWOW（月2,530円）、スカパー（月2,000〜5,000円）、衛星放送、ケーブルTV、雑誌の定期購読、健康食品の定期購入などがあります。通帳とクレジットカード明細を3か月分チェックして、洗い出しましょう。

> 月額の積み重ねは年間数万円。「気づかないうちに引き落とされていた」が一番もったいない出費です。
",contracts
LIB-059,digital,40,暗号資産（ビットコイン等）の相続,デジタル資産を受け取るために,4,,"ビットコインなどの暗号資産は、近年相続トラブルが急増している分野です。「取り出せない」「税金だけかかる」を避けるために、知っておくべきことがあります。

## 国内取引所の場合

国内取引所（Coincheck、bitFlyer等）の場合は、取引所に死亡を連絡して相続手続きに進みます。戸籍謄本などを提出すれば、通常は法定通貨（日本円）に換算して受け取れます。

## 海外取引所・自己管理ウォレット

問題は **海外取引所や自己管理ウォレット**。秘密鍵（パスフレーズ）がないと、永久に取り出せません。12〜24個の単語列が一般的で、紙やメタルプレートに記載されていることが多いので、終活ノートや金庫を徹底的に探してください。

メールの履歴で「Coinbase」「Binance」「Ledger」を検索したり、ハードウェアウォレット（USB状の装置）を探したりするのも有効です。

## 相続税は容赦ない

相続税は **死亡日時点の時価で課税** されるため、取り出せなくても税金はかかります。価格変動が激しいので、暗号資産に詳しい税理士に必ず相談してください。

> 「故人が持っていたかも」と心当たりがあれば、まずメールやスマホを徹底的に探してください。
",money
LIB-060,grief,40,配偶者を失ったあとの睡眠と食事,からだを整えることもケアの一部,3,,"大切な人を亡くしたあと、眠れない・食べられないのは当たり前のこと。「気合いが足りない」のではなく、心と体が悲しみを処理している証です。

## 眠れないとき

眠れないとき、まず「眠れない自分」を責めないでください。横になって体を休めるだけでも回復します。寝室を変える、布団を変えるのも有効です。1か月以上続くなら、心療内科に相談を。

## 食べられないとき

食べられないときは、一度の量を減らして回数を増やす、おかゆ・ヨーグルト・果物など食べやすいものから少しずつ。水分は意識的に摂ってください（脱水は回復を遅らせます）。

## 体を整える小さな工夫

朝はカーテンを開けて光を浴びる、短時間でも外に出る、温かい飲み物をゆっくり飲む。小さな積み重ねが、体を整えてくれます。配食サービスや家事代行、訪問看護なども遠慮なく頼ってください。

## 危険なサイン

2週間以上眠れない・食べられない、自分を傷つけたい気持ち、「早く逝きたい」が強い——そんなときは、よりそいホットライン（**0120-279-338**、24時間無料）へ。

> 「ご飯を食べる」「眠る」だけで十分えらい。それでいいんです。
",self
LIB-061,admin,10,死亡診断書のコピーは何枚必要か,原本は1枚。早めにコピーを,2,RN-H24-02,"死亡診断書（または死体検案書）は、亡くなったあとに最初に受け取る重要書類。原本は1通しか発行されず、提出すると戻ってきません。

## 提出前にコピーを

ご自身でやっておきたいのは、役所に提出する前に **最低でも10枚** コピーを取ること。A3サイズで、できればカラーコピーが理想です。

## どこで使うか

このコピーは、生命保険・共済の請求、銀行口座の解約、不動産の相続登記、年金の手続き、勤務先への提出、各種会員サービスの解約など、あらゆる場面で求められます。

## 足りなくなったら

万一足りなくなっても、医療機関で再発行可能（数千円）。法務局で「死亡届出書記載事項証明書」として取得することもできますが、時間がかかります。

> 「あとで困った」という相談がとても多い書類。封筒に入れて家族で共有しておくと安心です。
",start
LIB-062,admin,20,健康保険証はいつまでに返却するか,社保・国保で返却先が異なる,2,RN-D14-02;RN-D14-23;RN-D7-30,"健康保険証は、亡くなった日から速やかに返却が必要です。返却先は加入していた保険によって異なります。

## 返却先

会社員（健康保険）なら故人の **勤務先**（人事・総務）へ。自営業・無職（国民健康保険）と75歳以上（後期高齢者医療）は、市町村役場の窓口へ。いずれも14日以内が目安です。

## 葬祭費・埋葬料を忘れずに

返却時に、葬祭費・埋葬料（5万円程度）の請求を忘れずに。**申請しないともらえないお金** です。同時に、高額療養費の還付や介護保険料の精算も確認できます。

## 世帯主・被扶養者の手続き

故人が世帯主だった場合は、世帯主変更も必要です。被扶養者だった配偶者は、国保への切替えか、家族の社保への加入手続きが発生します。

> 返却と同時に「葬祭費はありますか」と聞くのが効率的。5万円が戻ってくる手続きを忘れずに。
",ret
LIB-063,admin,30,運転免許証の返納と特典,安全と相続手続きを兼ねて,2,,"故人の運転免許証は返納が必要です。期限はありませんが、放置すると更新通知が届き続け、紛失時の不正利用リスクもあります。

## 返納の手続き

警察署または運転免許センターで、故人の免許証、死亡を証明する書類、届出人の本人確認書類、印鑑を持参して返納します。家族が代理で手続き可能です。

自動車を所有していた場合は、同時に名義変更や売却、自動車保険の手続き、自動車税の対応も検討してください（LIB-027参照）。

## 生前自主返納の特典

なお、生前の自主返納には特典があります。**運転経歴証明書**（免許証と同じ身分証明書として使える）の発行と、バス・タクシー料金の割引（自治体・事業者による）が代表例です。手続き料は1,100円程度。

> 高齢のご家族をお持ちの方は、運転に不安を感じる前に話し合っておくと安心です。
",ret
LIB-064,admin,40,マイナンバーカード・通知カードの扱い,原則返納不要だが整理を,2,,"マイナンバー（個人番号）は故人の死亡で失効します。カード本体に法律上の返納義務はありませんが、悪用リスクを避けるため、市町村窓口に持参して破棄処分するのが安心です。

## 番号は忘れない

ただし、**番号自体は忘れないでください**。相続税申告（故人と相続人両方の番号が必要）、故人の準確定申告、銀行口座解約時に求められることがあります。

## わからないときは

番号がわからないときは、役所で「住民票（マイナンバー入り）」を取得すれば確認できます（300円程度）。

## 暗証番号と紐付け

カードの暗証番号がわからないと、リセット手続きが煩雑になります。マイナポイントの未付与分は受け取れず、健康保険証の紐付けも自動的に解除されます。

> 番号は控えを取って、大切な書類と一緒に保管してください。カード本体は破棄処分が安心です。
",ret
LIB-065,admin,50,葬祭費・埋葬料の請求を忘れずに,5万円が戻ってくる,3,RN-D14-03;RN-D14-45,"国保・後期高齢者医療の加入者には「葬祭費」、健康保険の加入者には「埋葬料」が支給されます。**請求しないともらえないお金** です。

## 葬祭費（国保・後期高齢者）

葬祭費は1〜7万円（自治体により、多くは5万円）。葬儀を執り行った喪主が、故人の住所地の市町村役場で申請します。期限は **葬儀の日から2年以内**。

## 埋葬料（健康保険）

埋葬料は5万円。故人の家族（被扶養者）が、全国健康保険協会または健康保険組合に申請します。家族以外が葬儀を行った場合は、実費で上限5万円の「埋葬費」になります。期限は死亡日から2年以内。

## 必要書類

申請に必要なのは、申請書、死亡診断書のコピー、葬儀費用の領収書（埋葬費の場合）、振込先口座の通帳など。

葬儀社からも案内がない場合があるので、ご自身で必ず確認してください。

> 知らないだけでもらえないお金。少額でも積み重ねると、葬儀費用の助けになります。
",money
LIB-066,funeral,50,永代供養と納骨堂、どちらを選ぶか,お墓を持たない選択肢,3,,"お墓を継ぐ人がいない、遠方で管理できない。そんな理由から、永代供養や納骨堂を選ぶ方が増えています。

## 永代供養とは

**永代供養** は、寺院や霊園が代々供養してくれる仕組み。一度の支払い（10〜100万円）で済み、追加費用は不要です。個別墓（一定期間個別、その後合祀）、集合墓、合祀墓、樹木葬など種類は豊富。

## 納骨堂とは

**納骨堂** は屋内施設に遺骨を安置する形。都市部に多く、天候に左右されず参拝しやすいのが特徴です。費用は30〜200万円、ロッカー式・自動搬送式など選べます。

## 選ぶときのチェック

選ぶときのチェックは、立地・アクセス、宗派の制約、個別性の希望、維持管理費の有無、家族・親族の理解など。「永代」と謳いながら実は33回忌までなど期限があることもあるので、契約書を必ず確認してください。

> 「自分の代で墓じまい」を考える方も増えています。先のことを家族で話しておくと安心です。
",mem
LIB-067,funeral,60,直葬・火葬式という選択,簡素で費用を抑えた葬儀,3,RN-D7-01,"通夜・告別式を行わず、火葬のみで送る「**直葬（火葬式）**」を選ぶ方が増えています。

## 費用と所要時間

費用は15〜30万円、一般葬の1/3〜1/5程度。所要時間も火葬当日のみ（2〜3時間）と短く、経済的事情、高齢で参列者が少ない、故人の希望（簡素に）、家族のみで静かに送りたいという方に選ばれています。

## 当日の流れ

当日は、自宅または安置施設からの搬送（10〜30分）→火葬場到着、対面・読経（10〜30分）→火葬（1〜2時間）→収骨（30分）という流れになります。

## 親族との合意が大切

ただし、親族の理解が得られないとトラブルになることがあります。事前に家族で決断を共有し、「家族の意思」と伝えるのがおすすめ。後日「お別れ会」「偲ぶ会」を別途行う方も多くいらっしゃいます。

菩提寺がある場合は事前相談が必須。戒名なしの場合、納骨できないお寺もあります。葬儀社は2〜3社で見積もりを取り、追加費用の説明があるかを確認してください。

> 簡素であっても、故人を悼む気持ちは変わりません。形式より、大切にしたいことを家族で話し合ってください。
",type
LIB-068,funeral,120,海外で亡くなった場合の手続き,現地と日本の両方で対応,4,,"海外旅行や駐在中に亡くなった場合、現地の手続きと日本での手続きの両方が必要になります。

## まず連絡すべきところ

まず連絡すべきは、現地の **日本国大使館・総領事館**、旅行保険会社、勤務先（駐在の場合）、現地の警察・病院。大使館は死亡証明書の発行、家族への連絡、遺体・遺品の搬送支援をしてくれますが、**遺体搬送費用の立替えはしません**。

## 移送費用と保険

遺体を日本へ移送する場合の費用は50〜200万円が相場。現地火葬→遺骨の持ち帰りなら30〜100万円。期間も1〜2週間かかります。旅行保険の遺体搬送特約に加入していれば、これらをカバーできます。

## 日本での手続き

日本での手続きは、領事館発行の死亡証明書を死亡届に添付する点が通常と異なるだけ。その後の相続・税務手続きは国内ケースと同じです。

> 大使館は遺体搬送費用を立替えません。費用負担は遺族の責任なので、保険加入が安心。早期の判断と行動が重要です。
",spec
LIB-069,admin,120,故人の自治体補助・葬祭費を最大限活用する,見落とされがちな制度,3,RN-D14-03,"市町村ごとに、葬儀や納骨に対する補助制度があります。**申請しないと知らないまま終わる** 制度なので、必ず確認してください。

## 主な補助制度

葬祭費（国保・後期高齢者の1〜7万円、LIB-065参照）が代表的ですが、それ以外にも、生活保護受給者向けの **葬祭扶助制度**（事前申請が必須、上限約20万円）、戦没者遺族への弔慰金、自治体独自の葬祭料・斎場使用料の減免、市民向けの火葬料割引などがあります。

## 確認方法

確認方法は、「○○市 葬祭費」で検索するか、役所の福祉課・市民課に電話で問い合わせるか、お悔やみコーナーで一括相談するか。

葬儀社に「使える補助はありますか」と聞くのも有効です。地域の制度に詳しい葬儀社が多くあります。

> 知らないだけでもらえないお金。「補助制度はありますか？」と必ず一言確認してください。
",money
LIB-070,funeral,130,戒名・法名の意味と費用,宗派と地域で大きく異なる,3,,"戒名（仏教の浄土真宗以外）・法名（浄土真宗）は、亡くなった方に授けられる仏弟子としての名前。意味と費用を知っておきましょう。

## ランクと相場

ランクによって金額の目安があります。信士・信女が10〜30万円、居士・大姉が30〜60万円、院信士・院大姉が50〜100万円、院居士・院大姉が100万円以上。

## お布施として渡す

戒名料は通常 **お布施に含めて** 渡し、別途内訳を聞かれることはほぼありません。「いくら包めばいいですか」と住職に直接伺っても失礼にはあたりません。

## 戒名なしという選択

戒名なしでも葬儀は行えますが、寺で納骨する場合は戒名が必要なことが多いので、事前に菩提寺に相談を。公営墓地や永代供養なら戒名なしでも可能です。

ランクは故人の生前の信心や寄与で決まり、高いランクが必ずしも良いわけではありません。家族の納得を優先してください。

> 形式より、故人を偲ぶ家族の気持ちが大切です。納得のいく形を選んでください。
",type
LIB-071,funeral,140,初盆・新盆の準備と意味,亡くなって初めて迎えるお盆,3,,"初盆（はつぼん）・新盆（にいぼん）は、四十九日後に初めて迎えるお盆のこと。通常のお盆より丁寧に故人を供養します。

## 時期

通常は8月13〜16日（地域により7月）。四十九日が明けていない場合は、翌年が初盆になります。

## 準備するもの

初盆だけ用いるのが **白提灯**。玄関や仏壇前に飾り、送り火で焼くか菩提寺で焚き上げてもらうのが一般的です。精霊棚を組み、お供え物（故人の好物、季節の果物、菓子、花）を並べます。

## 法要の段取り

法要を行う場合は、1か月前に菩提寺に日程相談、3週間前に親族・知人へ案内、2週間前に引出物の準備、という段取り。お布施は3〜5万円、引出物は一人2,000〜5,000円が目安です。

服装は略喪服または地味な平服。暑い時期なので男性はクールビズも可。

> 「悲しいけれど、家族で集まれる温かい時間」と話される方が多い行事。形式より気持ちを大切に。
",mem
LIB-072,inheritance,60,自筆証書遺言の検認手続き,勝手に開封しないで,3,RN-D14-20;RN-M3-22,"自筆で書かれた遺言書は、勝手に開封してはいけません。家庭裁判所での「**検認**」手続きが必要です。

## 検認とは

検認は、遺言書の存在と内容を相続人に知らせ、偽造・変造を防ぐための手続き。遺言の有効・無効を判断するものではありませんが、これを経ないと不動産登記や預金解約に使えません。

## 申立ての方法

申立先は、故人の住所地を管轄する家庭裁判所。費用は800円＋郵便切手代。提出書類は、検認申立書、遺言書（封がされていれば未開封のまま）、故人の戸籍謄本（出生から死亡まで全部）、相続人全員の戸籍謄本など。

## 検認しないとどうなる

申立てから1〜2か月で検認期日が設定され、期日に裁判所で開封・確認します。検認しないと **5万円以下の過料** の対象になります。

公正証書遺言や法務局保管の自筆証書遺言は、検認不要です。

> 急いで使いたい気持ちは分かりますが、開封せず家庭裁判所へ。これが鉄則です。
",will
LIB-073,inheritance,70,法務局の遺言書保管制度を使う,安価で安全、検認も不要,3,RN-D14-20,"2020年から始まった法務局の「**自筆証書遺言書保管制度**」は、自筆遺言の弱点を補う制度です。

## メリット

メリットは、紛失・改ざんのリスクがないこと、家庭裁判所の検認が不要なこと、相続人が遺言書を確認しやすいこと、そして **費用が安い**（保管料3,900円のみ）こと。

## 利用の流れ

利用の流れは、法務局指定の様式で遺言書を作成し、本人が法務局に予約・持参して、形式チェックを受けて保管する、というもの。死亡後は、相続人が「遺言書情報証明書」の交付を請求して使います。

## 公正証書遺言との違い

公正証書遺言は内容まで保証してくれますが、費用が数万円〜とかかります。法務局保管は形式チェックのみですが、3,900円という圧倒的な安さが魅力です。

ただし、内容のチェックはされないので、無効な遺言でもそのまま保管されてしまう点には注意が必要です。

> 「公正証書ほど大げさにしたくないが、自宅保管は不安」という方に最適。親世代に勧めたい選択肢です。
",will
LIB-074,inheritance,100,相続税の申告期限と延長は可能か,10か月以内が原則,3,RN-M10-01,"相続税の申告と納付は、**死亡を知った日の翌日から10か月以内** が原則です。1日でも遅れると延滞税や無申告加算税がかかり、せっかくの配偶者控除や小規模宅地特例も使えなくなることがあります。

## 早めの準備が必要

10か月という期間は長く見えますが、戸籍を集めて財産を評価し、相続人で分割協議を行い、申告書を作成するまでを考えると、決して余裕はありません。死亡から1〜2か月以内に税理士へ相談を始めるのが理想で、費用は遺産総額の0.5〜1%が目安です。

## 間に合わないとき

どうしても期限内に分割協議が間に合わない場合は、いったん法定相続分どおりで仮申告し、後日まとまった段階で修正申告するという方法もあります。配偶者控除などの特例は、申告期限後3年まで遡って適用できるので、慌てる必要はありません。

> 「うちはそんなに財産がないから」と思っていても、不動産の評価で基礎控除を超えることは珍しくありません。早めの試算だけでもおすすめします。
",tax
LIB-075,inheritance,150,小規模宅地等の特例を活用する,自宅評価を最大80%減,4,RN-M10-01;RN-Y3-01,"相続税の節税で最も効果が大きいのが「**小規模宅地等の特例**」。自宅や事業用の土地の評価を大幅に下げられます。

## 特例の概要

自宅は330㎡まで **80%減**、事業用は400㎡まで80%減、貸付用は200㎡まで50%減。たとえば評価額3,000万円の自宅なら、600万円として計算できます。

## 自宅の特例の条件

自宅の特例を使う条件は、配偶者が相続するなら無条件、同居の親族が相続するなら申告期限まで居住・所有を継続すること。別居の親族（家なき子）も一定の条件下で適用可能です。

## 申告必須

注意したいのは、**相続税の申告が必要** だということ。特例適用で税額が0になっても、申告しないと使えません。申告期限までに遺産分割が完了していることも条件です。

## 配偶者控除との合わせ技

配偶者控除（1.6億円または法定相続分まで非課税）と組み合わせると、自宅＋αが無税になるケースが多くあります。

> 制度を知らないと数百万円損することがあります。税理士に必ず相談してください。
",tax
LIB-076,inheritance,160,相続税の物納と延納,現金で払えないときの選択肢,3,,"相続税は原則として現金一括納付ですが、不動産が多くて現金がない場合、「**延納**」「**物納**」という選択肢があります。

## 延納とは

延納は、利子を払って分割納付する方法。最長20年（不動産の割合による）で、担保提供が必要。利子率は年0.4〜1.4%程度です。

## 物納とは

物納は、相続した不動産・有価証券で納付する方法。延納でも納付困難な場合の最終手段で、評価額は相続税評価額（時価より低いことが多い）。順位は、国債・地方債・不動産・船舶→社債・株式→動産。

## 第一選択は売却

実は、第一選択肢は **「不動産を売却して現金化」** です。物納は手続きが複雑で時間もかかり、評価が時価より低くなって損になることが多いからです。銀行融資（不動産担保ローン）も検討対象。

延納・物納はいずれも申告期限までに申請が必要です。

> 物納は「最後の手段」と捉えてください。早めの納税資金準備が大切です。
",tax
LIB-077,inheritance,170,限定承認とは何か,プラスの範囲内で借金引継ぎ,3,RN-M3-01,"限定承認は、「故人の財産がプラスならその範囲で相続、マイナスを超えたら超過分は相続しない」という制度です。

## いいとこ取りの選択肢

相続放棄が「一切受け継がない」のに対し、限定承認は「自宅などは残しつつ、想定外の借金は引き継がない」という、いいとこ取りの選択肢。

## 手続きが煩雑

ただし、手続きは煩雑です。死亡から **3か月以内** に家庭裁判所へ相続人全員で共同申述する必要があり、一人でも反対すると不可。財産目録の作成・公告・債権者への通知も必要で、通常は弁護士に依頼することになります（30〜50万円）。

## みなし譲渡課税に注意

注意したいのが「**みなし譲渡課税**」。故人が時価で財産を譲渡したとみなされ、含み益に所得税がかかります。不動産・株式に注意が必要です。

実務上はほとんど使われていない制度なので、まずは相続放棄かどうかの判断を弁護士と進めるのが現実的です。

> 限定承認は「最後の手段」。相続放棄を含めて、早めに弁護士に相談してください。
",debt
LIB-078,inheritance,180,寄与分と特別受益,相続分が増減するケース,3,,"法定相続分どおりに分けると不公平になるケースがあります。これを調整するのが「**寄与分**」と「**特別受益**」です。

## 寄与分とは

**寄与分** は、故人の財産形成・維持に特別な貢献をした相続人の取り分を増やす制度。長年の介護、家業の無償手伝い、生活費の負担、不動産取得資金の出資などが該当します。単なる扶養義務の範囲を超えた貢献が必要です。

## 特別受益とは

**特別受益** は、生前に故人から特別な贈与等を受けた相続人の取り分を減らす制度。結婚資金、住宅購入資金、大学院・留学費用、事業資金の援助などが該当します。

## 主張するには証拠が必要

主張するには、領収書、契約書、通帳、介護日誌、写真、第三者の証言などの証拠が必要です。話し合いで決まらなければ、家庭裁判所の調停・審判へ。

弁護士費用は着手金10〜30万円、報酬は増加分の10〜20%が相場です。

> 「言ってみないと分からない」のが寄与分・特別受益。気になる事情があれば弁護士に相談を。
",spec
LIB-079,inheritance,190,未成年の相続人がいる場合,特別代理人の選任が必要,3,,"相続人の中に未成年者がいる場合、その親が代理して相続手続きをすることはできません。**特別代理人** の選任が必要になります。

## なぜ親が代理できないのか

理由は、親も同じ相続の当事者になることが多く、利益相反が生じるため。子の利益を守るため、別の代理人を立てる必要があるのです。

## 選任の流れ

特別代理人は通常、親族（おじ・おば等）が選任されますが、弁護士や司法書士が選任されることもあります。家庭裁判所への申立て（費用800円、書類は申立書、戸籍謄本、住民票、遺産分割協議書案など）から1〜2か月で選任されます。

## 子の利益を最優先に

特別代理人は、未成年者の利益を最優先に考え、原則として法定相続分を下回る同意はできません。未成年者の取得分は親が信託銀行口座などで管理し、18歳になるまで使えないお金として運用します。

全員が法定相続分どおりに分ける場合や、全員が相続放棄する場合は、特別代理人は不要です。

> 「親と子で同じように分ける」も法律上は利益相反です。手続きを省略しないように注意してください。
",div
LIB-080,inheritance,200,海外在住の相続人がいる場合,署名証明とサイン認証で対応,3,,"相続人の中に海外在住者がいると、印鑑証明書を取得できないため特別な手続きが必要です。

## 在留証明と署名証明

代わりに使うのが、**在留証明書**（住民票の代わり）と **署名証明書**（印鑑証明の代わり）。どちらも、現地の日本国大使館または総領事館で取得します。本人が直接出向く必要があり、予約制のことが多いです。

## 手続きの流れ

署名証明には2種類あり、形式1は単独の証明、形式2は文書（遺産分割協議書）と綴じ合わせて証明する方式。日本で作成した協議書を海外に郵送し、大使館で署名証明を取得して返送、という流れになります。

## 時間に余裕を

通常の手続きより1〜2か月余計にかかります。大使館の予約が3か月先のこともあるため、相続発生前から定期的に連絡を取り、早めに進めるのが理想です。

海外資産も日本の相続税の対象です。二重課税は外国税額控除で調整できます。

> 「離れていてもできる」のが現代です。早めに連絡を取り、書類郵送のスケジュールを共有してください。
",div
LIB-081,bank,20,預金の仮払い制度を活用する,相続前でも150万円まで,3,RN-D7-17;RN-D14-09,"2019年から始まった「**預金の仮払い制度**」は、遺産分割協議が終わる前でも一部の預金を引き出せる制度です。葬儀費用や当面の生活費に困らないようにするためのものです。

## 引き出せる金額

引き出せる金額は、**1金融機関あたり上限150万円**。計算式は「預金残高 × 1/3 × 法定相続分」。たとえば残高900万円で法定相続分1/2なら、150万円が上限になります。

## 必要書類

必要なのは、故人の出生から死亡までの戸籍謄本、相続人全員の戸籍謄本、払戻し請求者の印鑑証明書、銀行所定の請求書。書類がそろえば、通常2〜3週間で振り込まれます。

## 「仮払い」の意味

注意点として、これは「仮払い」なので、後の遺産分割協議で引き出した分は精算されます。他の相続人の同意は不要ですが、報告が望ましいです。

150万円を超える金額が必要なときは、家庭裁判所の保全処分（数か月かかる）も検討できます。

> 「銀行が凍結して何もできない」を防ぐ制度。葬儀社に支払いを待ってもらえないときに活用してください。
",access
LIB-082,bank,30,故人のネット銀行口座を見つける,通帳がない口座の探し方,3,RN-D14-09,"ネット銀行は通帳がなく、紙の郵便物も少ないため、家族が気づかないケースが多くあります。

## 主なネット銀行

主なネット銀行は、楽天銀行、住信SBIネット銀行、ソニー銀行、PayPay銀行、auじぶん銀行、イオン銀行など。

## 見つける手がかり

見つける手がかりは、故人のメール履歴で「銀行」「明細」「振込」を検索したり、スマホの銀行アプリやパソコンのブラウザ履歴を確認したり、クレジットカードの引落口座や給与振込・年金振込の記録（通帳・源泉徴収票）を辿ったり。

## 手続きの流れ

口座が見つかったら、各ネット銀行のカスタマーセンターに連絡して、戸籍謄本・死亡診断書のコピーなどを郵送し、相続手続きを進めます。1〜2か月で指定口座へ振込されます。

仮想通貨取引所や海外口座（Wise、PayPalなど）も心当たりを確認してください。

> ネット銀行は「証拠が薄い」のが特徴。心当たりがあれば、まずメールを徹底的に検索してください。
",find
LIB-083,bank,50,貸金庫の中身を確認する,相続人全員の同意で開扉,3,RN-D14-52,"故人が銀行の貸金庫を借りていた場合、開けるには **相続人全員の同意と銀行立会い** が必要です。

## 貸金庫の確認

通帳の引落履歴に「貸金庫使用料」があれば契約があります。年間使用料は1〜3万円程度が相場です。

## 開扉までの流れ

開扉までの流れは、銀行に故人の死亡を連絡し、相続人全員の同意書（実印・印鑑証明）をそろえ、銀行と立会い日時を調整して、銀行員立会いのもと開扉、内容物の目録を作成、という手順。

## 中身として多いもの

中身としてよく見つかるのが、遺言書（あれば検認手続きへ）、不動産権利証、株券・債券、貴金属・宝石、預金通帳、重要な手紙など。

鍵が見つからない場合は、鍵の破壊（5,000〜2万円）が必要になることも。相続人の一部が遠方で来られないときは、委任状で代理人を立てられます。

> 「金庫を開けるだけで相続人全員集合」が原則。事前に何が入っているか家族で共有しておくと楽です。
",find
LIB-084,bank,70,故人の証券口座と投資信託,評価日と現金化のタイミング,3,RN-D14-10,"故人の保有する株式・投資信託は、相続税の対象です。価格変動があるため、評価と手続きにコツが必要です。

## 主な証券会社

主な証券会社は、SBI証券、楽天証券、野村證券、大和証券など。各銀行系列の証券会社にも口座があるかもしれません。

## 手続きの流れ

手続きは、証券会社に死亡連絡→相続人代表口座の開設→故人の口座から相続人口座へ移管→相続人口座で売却または保有継続、という流れ。

## 評価のコツ

相続税の評価は、死亡日の終値、または死亡月・前月・前々月の月平均のうち、**一番安い値** で計算できます。譲渡所得税の取得費は故人の購入価格を引き継ぎます。

## NISA口座は要注意

注意したいのが **NISA口座**。NISAは相続できず、一般口座に移管されて課税対象になります。早めの手続きが税金面で有利です。

中小企業の自社株を保有していた場合は、「事業承継税制」で相続税の納税猶予が可能。税理士に必ず相談を。

> 死亡日の終値で評価額が固定されるため、その後の値動きは相続税に影響しません。
",access
LIB-085,insurance,20,共済保険（県民共済等）の請求,掛金が安く忘れられがち,2,RN-D14-28;RN-D14-11b;RN-D14-11c,"県民共済・コープ共済・JA共済などの共済保険は、掛金が安く、加入していたことを家族が知らないケースが多くあります。

## 主な共済

主な共済は、**都道府県民共済**、**コープ共済**、**JA共済**、**全労済**（こくみん共済coop）。月々2,000〜4,000円の掛金で、200〜2,000万円の保障があるなど、民間生保より割安な特徴があります。

## 確認方法

確認方法は、通帳の引落履歴で「共済」「全労済」「JA」を検索したり、自宅に保険証券・加入者証がないか探したり、故人が会員になっていた団体（労組、生協、JA等）に確認したり。

## 請求の流れ

請求は、共済窓口に連絡して、死亡証明書のコピーと請求書を提出するだけ。1〜2か月で振り込まれます。請求期限は多くの場合、死亡から3年以内です。

入院していた期間の給付金がある場合もあるので、領収書も合わせて準備してください。

> 「忘れられた保険」はとても多いです。引落明細を3か月分は必ず確認してください。
",life
LIB-086,insurance,30,団体信用生命保険（団信）の請求,住宅ローンが完済される,3,RN-M3-04,"住宅ローンを組んでいた場合、**団体信用生命保険（団信）** に加入していればローン残高は0になります。これがあるかないかで、その後の生活設計が大きく変わります。

## まず団信の確認

まずは住宅ローンの契約書を確認するか、銀行に直接「団信加入していたか」を問合せてください。フラット35の一部以外、ほとんどの住宅ローンで標準加入になっています。

## 完済までの流れ

加入していれば、銀行に死亡診断書と戸籍謄本を提出し、保険会社の審査（1〜3か月）を経て、自動的に完済されます。完済後は、抵当権抹消登記が別途必要です（司法書士に依頼で2〜5万円、自分でやれば登録免許税1,000円程度）。

## 税金面の優遇

団信は遺産扱いにならず、相続税の課税対象にもなりません。ただしローン残債は相続財産から控除可能です。

ペアローンの場合は、夫婦それぞれが団信に加入しているので、故人の分のみ完済され、配偶者のローンは継続します。

> 住宅ローンがある状態で亡くなった場合、最初に「団信に入っていたか」を確認してください。
",damage
LIB-087,insurance,50,個人年金・学資保険の取扱い,受取人とタイミングで税金が変わる,3,RN-D14-28,"個人年金保険や学資保険は、契約形態によって税金や手続きが大きく異なります。

## 個人年金の税金

**個人年金** は、契約者と受取人の関係で税金の種類が変わります。契約者・被保険者・受取人がすべて故人なら相続税。契約者が故人で受取人が配偶者なら、配偶者が「年金受給権」を相続する形になります。

## 学資保険の払込免除

**学資保険** は、契約者が故人だった場合、多くの保険で「**払込免除特約**」が付いています。以後の保険料が免除され、満期まで保険は継続。子の教育費を確保できる、残された配偶者にとってありがたい仕組みです。

## 解約より払込免除を

学資保険の解約返戻金は元本割れすることが多いので、急ぎでない限り、払込免除を活用するのが得策。一方、被保険者が子で契約者が配偶者なら、故人の死亡とは無関係に契約は継続します。

手続きは保険会社に連絡し、契約変更または解約手続きを。死亡診断書のコピーなどを提出します。

> 子どもがまだ小さい場合、学資保険は「払込免除」を必ず使ってください。残された配偶者の負担が大きく変わります。
",private
LIB-088,pension,20,国民健康保険料の精算,亡くなった月までの保険料調整,2,,"故人が国民健康保険に加入していた場合、亡くなった月までの保険料を精算します。

## 月割りで精算

死亡届提出後、市町村から通知が届きます。年度単位で計算され、亡くなった月までを月割りで納付。すでに納付した分の還付があることも多いです。

## 還付金の請求

還付金の請求は、自治体によって自動振込される場合と、申請が必要な場合があります。「国保保険料還付請求書」に通帳のコピーと印鑑を添えて提出すれば、後者の場合も難しくありません。

## 後期高齢者医療も同じ

75歳以上の方の後期高齢者医療も同様の精算を行います。月割り計算で、過納分は還付されます。

このタイミングで、葬祭費（5万円程度）、高額療養費の還付、介護保険料の還付も合わせて確認できます。期限はいずれも2年以内です。

> 数千円〜数万円のお金です。少額でも遺族のために申請しましょう。
",start
LIB-089,pension,30,遺族厚生年金の詳しい計算,報酬比例部分を理解する,4,RN-D14-08,"遺族厚生年金は、故人が会社員だった方の遺族が受け取れる年金です。複雑な計算ですが、概要を知っておくと相談しやすくなります。

## 受給対象者

受給対象者の順位は、配偶者・子→父母→孫→祖父母。妻には年齢制限がなく（30歳未満で子なしは5年間）、夫は55歳以上で60歳から支給開始。子は18歳到達年度末までが対象です。

## 金額の概算

金額の概算は、故人の老齢厚生年金の3/4。妻が40〜65歳の間で子なしの場合は、**中高齢寡婦加算**（年額約60万円）が加わります（夫の加入期間20年以上が条件）。

## 請求の流れ

請求は年金事務所または街角の年金相談センターへ。故人の年金手帳・年金証書、戸籍謄本、住民票、収入証明書、振込先口座の通帳が必要です。期限は5年。

65歳以降は、自分の老齢厚生年金との比較・組合せが必要になります。年金事務所で試算してもらえます。

> 年金事務所での相談は予約制（0570-05-1165）。電話で予約してから訪問してください。
",bereaved
LIB-090,pension,90,故人が障害年金を受給していた場合,受給権の消滅と未支給年金,3,,"故人が障害年金を受給していた場合、年金は死亡で受給権が消滅しますが、**未支給年金** は遺族が請求できます。

## 未支給年金の対象

死亡日までに支給されなかった年金と、翌月15日に振り込まれる予定だった分が対象。配偶者・子・父母・孫等が請求可能で、故人と生計を同じくしていたことが条件です。

## 速やかな届出を

死亡届の提出が遅れると、過払い分の返還を求められることがあるので、年金事務所への速やかな連絡が必要です。

障害基礎年金（国民年金）と障害厚生年金（厚生年金）、両方を受給していた場合は、両方とも未支給年金を請求できます。

## 遺族年金との切替

故人が障害年金受給中だった場合、配偶者は遺族年金との切替えを検討することになります。月額が大きく変わるので、年金事務所で「両方を比較した場合の試算」を依頼してください。

請求期限は5年以内。請求しないと未支給分は消滅します。

> 障害年金から遺族年金への切替で月額が大きく変わることがあります。年金事務所で試算を依頼してください。
",bereaved
LIB-091,pension,100,故人の年金記録の確認方法,受給漏れを防ぐ,3,RN-D14-06,"故人の年金記録を確認することで、未支給の年金や、遺族年金の請求漏れを防げます。

## 確認方法

確認方法は2つ。故人のIDがあれば「**ねんきんネット**」で全期間の納付記録が見られます。なければ、年金事務所の窓口で「年金加入記録照会」をお願いすれば、戸籍謄本と本人確認書類で家族が照会できます。

## チェックすべきポイント

特に確認したいのは、過去の勤務先と加入記録の整合性、公務員時代の共済年金（一元化前）、海外勤務時の社会保障協定、パート・アルバイト時の厚生年金加入。空白期間がある場合は、過去の勤務先や厚生年金基金、確定給付企業年金の有無も確認してください。

## 未払いがあれば請求を

未払いがあった場合、死亡から **5年以内** なら時効前で請求可能です。「未支給年金請求書」を提出します。

過去の勤務先で厚生年金基金からの一時金を受け取っていなかった、確定給付企業年金が未請求だった、といったケースが意外と見つかることがあります。

> 「もらえるはずの年金がもらえていない」を防ぐためにも、必ず一度は照会してください。
",back
LIB-092,tax,20,故人の還付金・未収金,年内の税金関連,3,RN-M4-01,"故人の年内の所得税還付・住民税の未収金など、見逃されがちなお金を整理しましょう。

## 主な還付金

主な還付金は、所得税の還付（**準確定申告**、LIB-028参照）、高額療養費の還付、介護保険料の還付、医療費控除による還付など。給与所得者なら源泉徴収済の還付、年金生活者なら年金からの源泉徴収分の還付があります。

## 還付額が大きくなるとき

医療費控除を活用すると還付額が大きくなります。年間医療費200万円の方なら、数十万円の還付になることも。寄附金（ふるさと納税含む）、生命保険料控除、住宅ローン控除も、申告で還付対象になります。

## 還付金の受取り

還付金は相続人代表者の口座に振り込まれます（故人の口座は凍結のため）。事前に「相続人の代表指定届出書」を税務署に提出してください。

## 住民税と固定資産税

住民税は、故人の前年所得に対するものなので、未払い分は相続人が納付します。固定資産税は1月1日時点の所有者が納税義務者なので、未払い分があれば同様に。

> 準確定申告は4か月以内が期限。「面倒くさい」で飛ばすと、戻ってくるはずのお金を逃します。
",declare
LIB-093,tax,40,ふるさと納税と住宅ローン控除,故人が利用していた特例,2,RN-M4-01,"故人が亡くなった年に利用していた、ふるさと納税や住宅ローン控除の取扱いを整理します。

## ふるさと納税

**ふるさと納税** は、故人がした寄附を準確定申告で控除します。ワンストップ特例は使えないため、必ず確定申告が必要です。寄附受領証明書を集めて添付してください。受取済の返礼品は問題ありません。

## 住宅ローン控除

**住宅ローン控除** は、死亡した年の1月〜死亡日までの支払い分を、準確定申告で控除します。住宅ローン残高証明書が必要。団信で完済された場合は、翌年以降の控除はなくなります。

## 配偶者控除・扶養控除

故人の所得から、配偶者控除、扶養控除、障害者控除なども取れる場合があります。死亡日までの収入で判定するので、多くの場合は適用可能です。

## 取り忘れたら更正の請求

控除の取り忘れに気づいた場合は、5年以内なら「**更正の請求**」で還付を受けられます。還付額は数万円〜数十万円になることも。

> 故人の最後の確定申告は、控除を最大限活用するチャンス。専門家に相談する価値があります。
",declare
LIB-094,tax,60,相続不動産の売却と譲渡所得税,取得費の特例を使う,4,RN-Y3-01;RN-D14-25b,"相続した不動産を売却すると、譲渡所得税が発生します。一定の特例を使うと税負担を軽減できます。

## 譲渡所得税の計算

譲渡所得は「売却価格 -（取得費＋譲渡費用）」で計算。所有期間が5年以下なら **39%**、5年超なら **20%** の税率。所有期間は故人の所有期間を引き継ぐので、相続後すぐ売却でも長期扱いになることが多いです。

## 取得費がわからないとき

取得費がわからない場合は、売却価格の5%を取得費とみなしますが、損になることが多いです。購入時の書類をできる限り探してください。

## 使える特例

特例として、**相続税の取得費加算特例**（相続税申告期限から3年以内の売却で、取得費に相続税の一部を加算）、**居住用財産の3,000万円控除**（マイホーム売却の特例）、**空き家の3,000万円控除**（一定の耐震基準・取り壊し条件あり）があります。

特例適用で数百万円〜数千万円の節税になることもあります。

> 相続不動産の売却は、税金次第で手元に残る額が大きく変わります。売る前に必ず税理士に試算を依頼してください。
",estate
LIB-095,tax,70,相続税申告は自分でやるか税理士に頼むか,判断のポイント,3,RN-M10-01,"相続税申告は自分でやることも可能ですが、財産内容によっては税理士の依頼が安心です。

## 自分でできるケース

**自分でできるケース** は、財産が預金のみ、財産総額が基礎控除に近い、相続人が少ない（配偶者と子1人など）といった、シンプルな相続。国税庁HPに書式・記載例があり、税務署で無料相談も受けられます。

## 税理士に頼むべきケース

**税理士に頼むべきケース** は、不動産が含まれる、自社株（中小企業）がある、海外資産がある、相続人が多い・揉めている、小規模宅地特例・配偶者控除を使うなど、ポイントが複数ある場合。費用は遺産総額の0.5〜1%が目安です（最低30万円〜）。

## 自分でやる場合の落とし穴

自分でやる場合の落とし穴は、特例の申請漏れ、評価方法の誤りによる過大納税、相続税0でも申告必要だったケースを見落とすこと。税務調査の対象になりやすいというデータもあります。

ハイブリッド方式（自分で財産目録を作り、税理士に申告書のチェック・提出を依頼）も選択肢の一つです。

> 「もしも特例を使い損ねたら」を考えると、税理士費用は安い保険です。
",estate
LIB-096,daily,20,携帯電話の解約と名義変更,違約金とMNP転出の判断,3,RN-D14-16,"故人の携帯電話契約は、解約か名義変更かを選びます。

## どちらを選ぶか

端末や電話番号を残したいなら **名義変更**、完全に切るなら **解約**。各キャリア（ドコモ0120-800-000、au157、ソフトバンク0800-919-0157）に連絡し、戸籍謄本・死亡診断書のコピーを店舗に持参して手続きします。

## 違約金は基本免除

契約者死亡を理由とした解約は、ほとんどの場合、**違約金が免除** されます。端末分割払いの残債は相続財産から控除可能です。

## データのバックアップを忘れずに

ただし、解約前にデータのバックアップを忘れずに。写真・動画・連絡先・LINEのトーク履歴など、思い出と大切な情報がスマホには詰まっています。クラウド（iCloud、Googleドライブ）にバックアップしてから手続きを進めてください。

家族割を契約していた場合は、解約による割引額の変動にも注意が必要です。

> 携帯解約は故人のデジタル遺品整理の出発点。あわてず、データをバックアップしてから進めてください。
",contracts
LIB-097,daily,50,インターネット回線・WiFiの解約,工事と撤去まで含めて,2,RN-D14-16,"故人のインターネット契約も解約手続きが必要です。プロバイダと回線事業者で別々のことが多く、注意が必要です。

## 主な事業者

主な回線事業者はNTT東日本/西日本（フレッツ光）、KDDI（auひかり）、ソフトバンク（SoftBank光）、ケーブルTV事業者など。プロバイダ（OCN、So-net、BIGLOBE等）と回線事業者を別々に契約していることもあります。

## 名義変更か解約か

同居家族が住み続けるなら名義変更でほぼ無料、空き家にするなら解約手続き。レンタル機器（モデム・ルーター）は、ヤマト運輸等で着払い返送します（紛失すると数万円の弁償金）。

契約者死亡を理由とした解約は、違約金が免除されることが多いです。

## メールデータの保存

注意したいのは、プロバイダメール（〇〇@biglobe.ne.jp等）が解約で消えること。重要な連絡先のメールはバックアップを取ってから解約してください。

> 故人の家を空き家にする予定なら、回線解約も忘れずに。月額数千円が長期間引き落とされ続けます。
",contracts
LIB-098,daily,80,電気・ガス・水道の名義変更と解約,同居か空き家かで判断,2,RN-D14-15,"電気・ガス・水道は生活に欠かせないため、早めの判断が必要です。

## 同居家族が住み続ける場合

**同居家族が住み続ける場合** は、各事業者に電話して「名義変更」と伝えるだけ。立会い不要、手数料なし、電話一本でOKです。連絡先は検針票に記載されています。

## 空き家にする場合

**空き家にする場合** は、解約日を決めて連絡。最終検針後の請求書で精算され、引落口座の変更も忘れずに。

## 自由化以降の注意点

電気・ガスの自由化以降、楽天でんき、Looopでんき等の新電力会社と契約していた場合は、その会社にまず連絡を。プロパンガスは契約販売店です。水道は市町村の水道局。

実は、電気・ガス・水道のうち **最も忘れやすいのが水道**。引落履歴で確認してください。

賃貸退去時は、契約者死亡を理由に違約金免除のところも多くなっています。

> 月数千円〜が積み重なって年間数万円。気づかないうちに引き落とされ続けるのが、一番もったいない出費です。
",contracts
LIB-099,daily,110,故人の自動車保険と任意保険,名義変更・等級引継ぎ,3,RN-M10-07,"故人の自動車を引継ぐ場合、自動車保険の名義変更が必要です。**等級を上手に引継ぐ** ことで保険料を抑えられます。

## 自賠責と任意保険

自賠責保険は車両に紐付くので、車の名義変更時に同時手続き。任意保険は、配偶者・同居の親族なら **等級を引継ぎ可能** ですが、別居の子は引継げず新規6等級スタートになります。

20等級なら約63%割引、新規6等級なら約19%割増。差は80%にも及ぶので、引継げる範囲では必ず引継ぎましょう。

## 名義変更の流れ

手続きは、保険会社に連絡して名義変更書類を取り寄せ、死亡診断書・戸籍謄本のコピーと新契約者情報を提出するだけ。1〜2週間で完了します。

## 中断証明書

車を売却・廃車する場合は、「**中断証明書**」を発行してもらってください。10年有効で、新車購入時に等級が復活します。

事故時に名義人と異なると保険適用外のリスクがあるので、早めの名義変更を。

> 等級が高い保険は資産価値があります。保険会社の説明をよく聞いてから決断してください。
",vehicle
LIB-100,daily,120,NHK衛星放送・WOWOW・スカパーの解約,見落としがちな視聴サービス,2,RN-D14-16;RN-D14-70,"月額数百円〜数千円で長期間続く有料放送サービス。引落履歴を確認して整理しましょう。

## 主な解約先

**NHK衛星放送** はNHKふれあいセンター（0120-151515）で衛星部分の解約が可能。**WOWOW**（月2,530円）はWOWOWカスタマーセンター（0120-580-807）、**スカパー**（月2,000〜5,000円）はスカパーカスタマーセンター（0120-211-855）へ。

## 解約のタイミング

死亡を伝えれば違約金が免除されることがほとんどですが、月の途中解約でも日割り精算がない場合が多いので、月末解約が無難です。

## 配信サービス

NetflixやAmazon Prime、Spotifyなどの配信サービスは、各サービスのアカウント設定から解約します。スマホ・PCで自動契約のことが多いので、iPhone なら設定→Apple ID→サブスクリプション、Android なら Google Play→定期購入で一覧確認できます。

衛星アンテナ・チューナーの撤去は、業者に依頼すると5,000〜2万円程度。

> 月額の積み重ねは年間数万円。負担ゼロのうちに整理しておきましょう。
",contracts
LIB-101,daily,130,故人のクレジットカードと残債,解約と未払い金の処理,3,RN-D14-17,"故人名義のクレジットカードは速やかに解約が必要です。未払い分や分割残債の扱いも確認しましょう。

## 解約の流れ

カード会社（番号は券面裏）に死亡を伝えれば、解約申請書類を取り寄せられます。戸籍謄本・死亡診断書のコピーを返送し、カード本体は返送するか、ハサミでICチップ部分を切って廃棄します。

主要カード会社の連絡先は、JCB（0120-855-100）、三井住友カード（0120-919-456）、楽天カード（0570-66-6910）、イオンカード（0570-071090）など。

## 未払い金の扱い

未払い金は、故人の引落口座から自動引落（凍結前）または相続財産から相続人が支払います。分割払い・リボ払いの残債は、相続財産から控除可能です。

ETCカードは本会員カード解約で自動的に停止。家族カードもセットで解約になります。

## ポイントとマイル

ポイント残高は、多くのカードで失効しますが、ANAやJALマイルは一部相続可能（手続きが必要）です。価値の大きいものは早めに確認を。

> セキュリティ重視で早めの解約を。年会費が発生する前に手続きしましょう。
",contracts
LIB-102,daily,140,故人の図書館・公共施設の会員証,小さな手続きを忘れずに,1,,"図書館や公共施設の会員証も、小さな手続きですが整理しておきましょう。

## 公的サービス

公立図書館は、借りていた本を返却し、会員証を窓口で返納。スポーツジムは月額制なら退会届の提出が必要です（入会金は戻りません）。

公民館・コミュニティセンターの会員登録は、基本的に放置でOK。マイナポイントは、すでに付与済のものは使えますが、新規付与は不可。Tカード、ポンタ、楽天ポイント等の名義変更はできず、多くは失効します。

## ゴルフ会員権

ゴルフ会員権や趣味の会の会員資格は、名義変更や売却の対象になることもあるので、価値があるなら専門業者に査定を依頼してください。

茶道・華道・書道などの習い事、カルチャースクールは、月謝の停止と道具・教材の返却・整理を。

大事な手続きの合間に、思い出した時に少しずつ進めれば大丈夫です。

> 神経質にならず、思い出した時に対応で十分。完璧を目指す必要はありません。
",contracts
LIB-103,daily,150,故人の介護用品・医療用品の処分,寄付・譲渡・廃棄を選ぶ,2,,"故人が使っていた介護用品や医療用品。捨てるのは忍びないという方も多くいらっしゃいます。

## レンタル品の返却

レンタル品（介護ベッド、車いす、歩行器など）は、ケアマネジャーに相談して業者に返却します。在宅医療機器（酸素濃縮機、人工呼吸器等）も同様に、業者が訪問回収してくれます。

## 寄付・譲渡という選択

購入していた介護用品は、寄付・譲渡が選択肢に入ります。社会福祉協議会、福祉系NPO、介護施設、地域の介護家族の会などが受け入れてくれます。状態の良い車椅子や電動ベッドは、リサイクルショップで買取可能なこともあります。

## 衛生面の注意

衛生面の問題があるもの（おむつ等の使用済品、体液付着物）はリサイクル不可。粗大ごみとして処分してください。

「誰かの役に立つかも」と思える品は、寄付や譲渡を考えてみてください。新しい持ち主に届くと、故人の存在も伝わります。介護日誌は、寄与分の証拠になることもあるので保管をおすすめします。

> 故人を介護した日々を振り返りながら、ゆっくり整理してください。「ありがとう」と声をかけて手放すのも、一つの供養です。
",house
LIB-104,daily,160,故人の自宅をリフォーム or 賃貸 or 売却,住み続けない場合の選択肢,4,RN-D14-18,"故人の自宅を相続したけれど、自分は別の場所に住んでいる。よくある悩みへの選択肢を整理します。

## 4つの選択肢

選択肢は4つ。**リフォームして住む**（500万〜2,000万円、思い出を残せる）、**賃貸に出す**（月収入が得られるが管理の手間あり）、**売却する**（まとまった現金が手に入るが思い出が消える感覚）、**そのまま空き家**（何もしない選択だが「特定空き家」指定で固定資産税6倍リスク）。

## 判断のポイント

判断のポイントは、自分の住居との距離、維持にかける時間と費用、今後の家族の利用可能性、売却した場合の値段です。

## 賃貸 vs 売却

賃貸前提なら最低限の修繕でOK、売却前提なら **リフォームしないほうが** 高く売れることもあります。賃貸に出す場合は不動産会社に相談（査定）→入居者募集→契約という流れ。売却なら3社以上で査定を取り、媒介契約を結びます。

「家を残してほしい」という親族もいるので、早めに話し合いを。

> 急ぐ必要はありません。1年程度かけてゆっくり考えてください。ただし、空き家のまま放置は避けたい選択です。
",house
LIB-105,digital,50,LINE アカウントの取扱い,相続不可、データ保存は可,3,,"LINEは個人専用のサービスのため、原則として相続できません。ただし、トーク履歴や写真は残しておけます。

## アカウントは引継げない

アカウント自体は引継ぎ不可で、アプリ削除でアカウントは消えます。スマホに残っているトーク履歴は、機種変更時のように iCloud（iPhone）や Googleドライブ（Android）にバックアップできます。

## トーク履歴の保存

個別のトーク履歴を残したい場合は、スマホで該当のトークを開いて、メニューから「**トーク履歴を送信**」を選び、メールで送信して保存します。テキストファイルとして残せます。写真や動画は、個別にタップして「保存」、またはアルバム機能で一括保存できます。

## LINE Pay残高の返金

LINEポイントは原則失効しますが、**LINE Pay残高** は所定の手続きで返金可能です（LINE Payカスタマーサポートに連絡）。

## アカウント削除

アカウント削除は、家族からの依頼でLINE公式サポートに死亡証明書を送付すれば可能。Facebookと違い追悼アカウント機能はないので、完全に消すか、残すかの2択になります。

> 故人とのトーク履歴は大切な思い出。スマホを処分する前に、必ずバックアップを取ってください。
",account
LIB-106,digital,60,Apple ID・Google アカウントの処理,デジタル遺産の取得方法,4,,"Apple ID と Google アカウントには、写真・連絡先・購入履歴・サブスクリプションなど多くの情報が紐付いています。

## Apple ID

**Apple ID** は、生前に「**故人連絡先**（レガシーコンタクト）」を設定していれば家族がアクセス可能です。なければ「デジタルレガシー リクエスト」を提出（数か月かかる）。取得できるのは、iCloud上の写真・動画、iCloud Drive、メモ、リマインダー、メッセージ（一部）。購入したアプリ・音楽・映画やパスワードは取得不可です。

## Google アカウント

**Google アカウント** は、生前に「アカウント無効化管理ツール」を設定していれば、家族が自動的に通知を受けられます。なければ「死亡したユーザーのアカウント」窓口へ申請（数か月）。取得できるのは、Gmail（一定条件下）、Googleフォト、Googleドライブ、YouTubeチャンネルなど。

## サブスクは早めに停止

iCloud+、Google One、Apple Music、YouTube Premium などのサブスクリプションは、別途自動更新を停止しないと請求が続きます。早めの停止が最優先です。

デバイス（スマホ・PC）のパスコード解除は困難。Apple Storeに相談するか、データ復旧業者（数万円〜）に依頼することになります。

> 故人の写真は、家族にとって何よりの遺産。アクセス権の取得には時間がかかりますが、価値があります。
",account
LIB-107,digital,70,Amazon・楽天等の通販サイト,購入履歴とアカウント整理,2,,"Amazon、楽天、Yahoo等の通販サイトのアカウントも整理が必要です。

## 削除依頼の流れ

各社のカスタマーサポートに死亡を伝え、削除を依頼します。戸籍謄本のコピー等を求められることが多いです。

## ポイントの扱い

ポイント残高は、Amazonポイント、楽天ポイント、Tポイント、ポンタなど、ほとんどが失効します。マイレージ（ANA、JAL）など価値の大きいものは別途、相続手続きが可能なことがあるので確認を。

## 定期購入は要注意

特に注意したいのが **定期購入・サブスク**。Amazonプライム、楽天プレミアム、Amazon定期おトク便、健康食品の定期購入など、放置すると引落が続きます。アカウント削除と同時に整理してください。

クレジットカード情報がアカウントに保存されている場合は、削除しないと不正利用のリスクがあります。

## メルカリ・ヤフオク

メルカリ・ヤフオクの出品中商品は取下げ、売上金は法定相続人で振込手続きを。取引中の場合は相手と連絡を取って完了 or キャンセルを。

> 通販サイトのアカウントは数十個に及ぶことも。「主要なものだけ」整理すれば十分です。
",account
LIB-108,digital,80,iCloud・Googleフォトから写真を救出,思い出を確実に手元に,3,,"故人が撮影した写真は、家族にとって何より大切な遺産です。クラウドからの取得方法を整理します。

## iCloud写真の取得

**iCloud写真** は、故人連絡先がある場合はアクセスキーで iCloud.com からダウンロード可能。なければAppleにデジタルレガシーリクエスト（数か月かかる）が必要です。

## Googleフォトの取得

**Googleフォト** は、生前に「アカウント無効化管理ツール」で家族と共有設定していれば容易です。なければ「**Google Takeout**」で一括ダウンロードする方法があります。容量が大きい場合は分割されます。

## バックアップは2か所以上

ダウンロードした写真は、外付けHDD（1TB 5,000円〜）と別のクラウドの **2か所以上** にバックアップを。1か所はオフライン（外付けHDD）、もう1か所はクラウド、というのが鉄則です。

## 紙の写真もデジタル化

物理的な写真も、業者（1枚10円〜）やスマホアプリ（Google フォトスキャン等）でデジタル化できます。年代別にフォルダ分けし、家族・親族で共有しておくと、いつでも振り返れます。

動画は容量が大きいので別管理を。命日・誕生日の写真は別フォルダに保存しておくと、節目の日に見返しやすいです。

> 写真の救出は最優先タスク。クラウドのアカウントが消える前に、必ず一括ダウンロードしてください。
",data
LIB-109,digital,90,YouTubeやブログのクリエイター収益,故人が運営していたチャンネル,3,,"故人がYouTube、ブログ、Twitchなどでクリエイター活動をしていた場合、未払い収益や継続運営の判断が必要です。

## YouTubeの対応

**YouTube** の AdSense 残高（$100以上で支払い対象）は、Googleカスタマーサポートに連絡し、死亡証明書・戸籍謄本を提出して受取手続き（3〜6か月）。チャンネル自体は、削除する、メモリアル化（コメント停止して残す）、家族が引き継いで継続、の3択です。

## ブログとASP

**ブログ・サイト** は、ASP（A8.net、もしもアフィリエイト等）から未払い報酬の振込手続き、サーバー・ドメインの自動更新の停止または継続を選びます。

**Amazonアソシエイト** や **note・Substack** の有料記事売上も同様に、各社のサポートに連絡を。

## 進行中のプロジェクト

進行中の **クラウドファンディング** プロジェクトは、出資者への対応とリターンの提供 or 返金が必要。Campfire、Makuake等の運営会社に相談を。

## 著作権と確定申告

**著作権** は故人の死後70年。書籍出版があれば、出版社に印税の振込先変更を依頼してください。

死亡年の収益は準確定申告、翌年以降の継続収益は相続人の所得として確定申告が必要です。

> クリエイター活動は故人の人生そのもの。引き継ぐかどうかは、ご家族でよく話し合ってください。
",account
LIB-110,digital,100,パスワードマネージャーを発見する,保管されたID/PWの宝庫,3,RN-D7-16,"1Password、LastPass、Bitwardenなどのパスワードマネージャーは、故人のあらゆるアカウント情報の鍵になります。

## 探す場所

探す場所は、スマホのアプリ一覧、パソコンにインストールされたアプリ、ブラウザの拡張機能、メールで「マスターパスワード」「2段階認証」を検索。

## マスターパスワードが鍵

最重要なのが **マスターパスワード**。これがあれば全アクセス可能です。終活ノート、引き出しの奥、金庫、名刺入れなどを徹底的に探してください。

マスターパスワードがない場合、1Password Family の「家族の復旧管理者」、LastPass の「緊急アクセス」、Bitwarden の「緊急アクセス」など、生前設定があれば家族がリセット可能です。

## ブラウザと2段階認証

ブラウザ（Chrome、Safari等）に保存されたパスワードは、スマホのロック解除ができれば閲覧可能。Google Authenticator や Microsoft Authenticator などの2段階認証アプリは、スマホがないとログインできなくなる点に注意。

## 入手後の優先順位

パスワードを把握したら、まずクレジットカード関連、銀行口座関連、SNSアカウント、サブスクリプションを優先して整理してください。

> パスワードマネージャーは「デジタル遺品の鍵」。心当たりがあれば真っ先に確認してください。
",data
LIB-111,grief,50,親を亡くした人へ,当たり前だった存在の喪失,3,,"親を亡くす経験は、年齢に関わらず大きな喪失です。「いつか来る」とわかっていても、その時の衝撃は予想を超えます。

## 特別な喪失

親の死は特別な喪失です。自分のルーツとの別れ、「子ども」という立場の終わり、自分の死期を意識するきっかけにもなります。

## 自然な感情のかたち

起こりやすい感情は、後悔（もっと話せばよかった）、罪悪感（介護で負担をかけた）、怒り（医療への不満、家族への不満）、解放感（介護からの解放、罪悪感とセット）、孤独感（兄弟がいても感じる）。どれも自然な反応です。

## 日常のあちこちで

親に電話する習慣がふと出てくる、親の好きだった食べ物・場所、子の運動会等で「親に見せたかった」——日常のあちこちで悲しみが顔を出します。

兄弟との関係も変化します。良くなる場合も、悪くなる場合もあります。父と母、それぞれの死、自分の年齢によっても体験は違います。

## 助けになるもの

助けになるのは、同じ経験をした友人との会話、グリーフケアグループ、故人の好きだったものを継ぐこと、写真・手紙・思い出の整理。命日・誕生日に泣くのは、何年経っても自然な反応です。

> 親を失う痛みは、生涯抱えるものです。「乗り越える」のではなく、「一緒に生きていく」と考えてください。
",relation
LIB-112,grief,60,配偶者を亡くした人へ,隣にいた人を失う,3,,"配偶者の死は、人生で最も大きなストレスのひとつと言われています。何十年も隣にいた人を失う痛みは、簡単には言葉にできません。

## 起こることすべてが自然

朝、いつものコーヒーを淹れる手が止まる。夜、ベッドの空白が際立つ。「会いたい」が止まらず、「自分も早く逝きたい」と思う日もある——そのすべてが、自然な反応です。死別後1年は身体的にも健康リスクが高まる時期。無理に元気になろうとせず、配食サービスや友人の手を借りてください。

## 経済面と暮らし

経済面では、まず年金事務所で **遺族年金** の手続きを。住まいや片付けの大きな決断は、1年は先送りして大丈夫です。

## 同じ経験者と話す

ひとり時間と、人との時間。その両方が大切です。同じ経験をした方々の自助グループ（「配偶者を亡くした人の会」「死別カフェ」など）は、何よりの支えになります。

> 「分かってもらえる人がいる」と感じられる瞬間が、回復の第一歩です。一人で抱え込まないでください。
",relation
LIB-113,grief,80,子を亡くした親へ,順番が違う喪失,3,,"子を亡くす経験は、すべての喪失の中で最も深いと言われます。「私が先に逝くはずだった」という思いが消えません。

## 子の死の特殊性

自然の摂理に反する経験、「親としての自分」の一部喪失、未来への希望の喪失——子の死には、他の喪失にはない特殊性があります。罪悪感の異常な強さも、よく見られる反応です。

## 年齢別の喪失体験

流産・死産・乳児期の喪失は、周囲の理解が少なく、「忘れて次の子を」の言葉に深く傷つくことがあります。命名・出生届をしなかった子も、大切な命です。幼児・学童期の喪失は事故・病気が多く、「もっとできることがあったのでは」という自責が続きます。

思春期・若年期の喪失（自死、事故、病気）では、SNSや友人関係も追わなければなりません。大人になった子の喪失では、孫の今後の成長を支える役割や、配偶者（嫁・婿）との関係性が新たな課題になります。

## パートナーとの関係

パートナーとの悲しみ方の違いに戸惑うこともあります。性別・性格・関わり方で違うのは自然なこと。離婚に至るケースもあるため、夫婦カウンセリングを早めに検討してください。

## 自助グループの力

何より助けになるのは、**子を亡くした親同士の自助グループ**。「子どもをなくした親の会」など、ピアサポートは何にも代えがたい支えです。

> 子を亡くした悲しみに「治癒」はありません。「悲しみと共にどう生きるか」を、ゆっくりゆっくり探していってください。
",relation
LIB-114,grief,90,突然の死を経験した家族へ,心の準備のない別れ,3,,"事故・突然死・自死などで急に家族を失った経験は、長い闘病期の死別とは違う深い衝撃を伴います。

## 突然死の特徴

「お別れ」の機会がなかった、「最後の言葉」を交わせなかった、未解決の問題が残った——そんな後悔と、ショックから抜け出すまでの長さが、突然死の特徴です。

## 起こりやすい反応

初期反応は、茫然自失、否認（「ウソ、ありえない」）、過呼吸・震え・パニック、記憶の断片化（葬儀の記憶がない）。中期にはフラッシュバック、不眠・悪夢、罪悪感の強化、PTSD症状などが現れます。

## 自死遺族・事件事故遺族の特殊性

**自死遺族** は特に、「サインを見逃した」という罪悪感、周囲の偏見・噂、「なぜ」が永遠に解けないという特殊な体験を抱えます。事件・事故遺族は、警察・検察・裁判への対応、マスコミ取材への対応も加わります。

## 専門家・ピアサポートにつながる

何より大切なのが、**同じ経験者の自助グループ**。全国自死遺族総合支援センター、各都道府県の被害者支援センターなど、専門の窓口があります。1か月経っても日常生活が困難、フラッシュバックが続く、自分も死を考える——そんなときは、PTSD専門の精神科を受診してください。

> 突然の死は、心の整理に通常の何倍もの時間がかかります。一人で抱えず、必ず専門家やピアサポートにつながってください。
",deep
LIB-115,grief,100,子どもの「なぜ？」に応える,年齢別のグリーフサポート,3,,"子どもも、自分のペースで悲しみを抱えています。年齢によって理解と表現が異なるため、それぞれに合った関わりが必要です。

## 0〜6歳の関わり方

0〜3歳は「死」の概念がなく、いない人を求めて泣きます。普段の生活リズムを崩さず、スキンシップを多めに。3〜6歳は死を「眠っている」と捉えがちで、何度も「どこに行ったの？」と聞きます。答えは一貫させ（神様のところ、空、お墓等）、自分を責めることもあります。

## 6歳以上〜思春期

6〜9歳は死の永続性を理解し始め、怖さや残された親への心配が出てきます。9〜12歳は大人並みに死を理解し、哲学的な疑問を持つようになります。思春期は「大人扱い」してほしいけど甘えたい、友達には言えない孤独を抱え、リスク行動（飲酒・暴力等）に注意が必要です。

## 共通の関わり方

共通の関わり方は、**嘘をつかない**、「忘れていい」と言わない、写真や思い出話を一緒に、子のペースを尊重、「**あなたのせいじゃない**」を繰り返す。退行（赤ちゃん返り）、学校での問題行動、学業低下、身体症状（腹痛・頭痛）も、すべて自然な反応です。

## 専門のサポート

学校のスクールカウンセラー、児童精神科、グリーフケア専門の児童カウンセラー、子ども向けグリーフキャンプなど、専門のサポートも活用してください。

> 子どもは大人が思う以上に強く、また脆い存在です。「あなたを守る大人がいる」を伝え続けてください。
",relation
LIB-116,grief,110,グリーフケアの専門相談窓口,専門家のサポートを受ける,3,,"悲しみが長引いたり、日常生活に支障が出たら、専門家のサポートを受けることは恥ずかしいことではありません。

## 公的な相談窓口

24時間無料の **よりそいホットライン**（0120-279-338）は、どんな悩みも聴いてもらえる窓口。**いのちの電話**（0570-783-556）は、自死を考えるほど辛いとき。**こころの健康相談統一ダイヤル**（0570-064-556）は、各都道府県の精神保健福祉センターに繋がります。

## 医療機関

不眠・食欲不振が続くなら、心療内科・精神科を受診してください。「死別後うつ」「複雑性悲嘆」と伝えれば、専門的に対応してもらえます。健康保険適用で、自己負担1,000〜3,000円程度です。

## 専門のグリーフケア

グリーフケア専門の窓口としては、グリーフケア協会、各地のグリーフケアセンター、カトリック教会の相談室、仏教系のグリーフケア、病院の遺族外来などがあります。費用は1時間5,000〜15,000円。

## 自助グループ

**自助グループ** は、死別の種類別（配偶者・親・子・自死等）に存在し、月1回程度の定例会で同じ経験者と話せる場。参加費は無料〜500円程度。「○○ 自助グループ 地域名」で検索してみてください。

オンラインのZoom自助グループや24時間チャット相談もあります。

> 「相談すること」は強さの表れです。一人で抱える必要は、まったくありません。
",deep
LIB-117,grief,120,命日・誕生日の過ごし方,記念日反応とつき合う,2,,"故人の命日・誕生日が近づくと、急に悲しみが押し寄せることがあります。これを「**記念日反応**」と呼びます。

## 何年経っても起こる

不眠、涙が止まらない、イライラ、無気力、頭痛・胃痛などの身体症状——どれも自然な反応で、何年経っても起こります。1年目だけでなく、3年目、10年目でも訪れることがあります。

## 過ごし方に正解はない

過ごし方に正解はありません。ひとりで静かに思い出す、家族で食事会、お墓・お寺へお参り、故人と行った場所への旅行、どれも素敵な過ごし方です。

「今日は故人の命日」と職場・友人に伝えるのも一つの選択。仕事を休むのも、何ら問題ありません。

## 誕生日も特別な日

誕生日もまた特別な日。年齢の節目（70歳、80歳）、自分が故人の年齢を超えた時、子どもや孫の誕生日と重なるとき——感慨が深くなる場面が増えます。

「明るく過ごさなければ」と頑張る必要はありません。記念日反応が辛すぎるときは、心療内科や自助グループに頼ってください。

> 命日・誕生日は「忘れていない証」です。涙が出るなら、思いきり流してください。それが故人とのつながりを保つ方法でもあります。
",time
LIB-118,grief,140,仕事に復帰するタイミング,焦らず、自分のペースで,3,,"大切な人を亡くして、いつ仕事に復帰するか。決まった「正解」はありません。

## 忌引休暇の目安

忌引休暇の目安は、配偶者・父母・子で5〜7日、祖父母・兄弟姉妹で3日程度。会社規定により異なります。

## 復帰のタイミングは人それぞれ

復帰のタイミングは人それぞれ。葬儀後すぐ復帰する方が約30%、1週間以内が約40%、1か月以内が約20%、1か月以上が約10%です。

**早期復帰** は日常のリズムに戻れる、仕事に集中できる時間ができるというメリットの一方、心身の回復が遅れるリスクも。**ゆっくり復帰** は心身の回復に専念できる一方、経済的不安や社会との断絶感が出ることもあります。

## 復帰後に意識したいこと

復帰後に意識したいのは、周囲に状況を伝えること（言える範囲で）、集中力低下を見越した業務量、**大切な決断は1年程度延期** すること、残業を控えること。

「もう大丈夫？」「いつまでも引きずらないで」といった周囲の言葉に傷ついても、深い意味はないことが多いです。

## 復帰できないときは

どうしても復帰できないときは、心療内科を受診し、休職診断書を取ることもできます。退職も選択肢の一つです。

> 「いつ復帰すべきか」に正解はありません。心と体の声を聞きながら、一歩ずつ進んでください。
",self
LIB-119,grief,150,友人・職場との関わり方,気を遣われる、気を遣う,3,,"大切な人を亡くした後、友人や職場の同僚との関わり方に悩むことが多くあります。

## 友人とのよくある悩み

友人とは、「明るく振る舞わなきゃ」と疲れる、集まりに行く気力がない、「もう元気そうだね」と言われて辛い、既婚の友人と疎遠になりがち、といった悩みが出てきます。

## 職場でのよくある悩み

職場では、同情の視線が辛い、普段通りに働きたいのに集中できない、「気を遣ってもらってる」のが辛い、飲み会に出られない、といった悩みも。

## 自分から伝えていいこと

自分から伝えたいのは、「今は元気じゃない日もある」「明るくできなくてごめん」「何も話さなくていい時間が嬉しい」「気を遣わないでほしい」といった言葉。

## 周囲の言葉と距離の取り方

周囲が傷つけがちな言葉として、「もう乗り越えなきゃ」「天国で見守ってくれてるよ」「○○さん（自分）が頑張らないと」「私もおばあちゃん亡くしたから分かる」などがあります。悪意がないことが多いですが、傷つくのは正常な反応です。

距離を取りたいときは、SNSを一時的に休む、LINEの返信を遅らせる、集まりを断る勇気——どれも大切な自己防衛です。

## 同じ経験の友人を見つける

同じ経験の友人を見つけることが、何よりの支えになります。自助グループ、グリーフケア講座、SNSで似た体験を発信する人など、つながる場はあります。

> 「関係が変わる」のは仕方ないことです。新しい関係性を、ゆっくり作り直していきましょう。
",self
LIB-120,grief,160,故人の遺品をいつ・どう処分するか,自分のタイミングを大切に,3,,"遺品の整理は、グリーフケアの大切な一部。「いつ・どう」を、自分のペースで決めましょう。

## 始めるタイミング

**早めに始める方** は、賃貸の退去期限がある、衛生面の問題がある、心の整理として早く動きたい、といった事情から。**ゆっくりの方** は、何もする気が起きない、触れるだけで涙が出るなど、1年以上かかることも自然です。

賃貸を除き、急ぐ必要はありません。1〜3年かけて少しずつでもOK。「早く片付けるべき」というプレッシャーは無視してください。

## おすすめの順番

整理の手順としておすすめは、まず大きく分ける（残す・捨てる・保留）→衣類は形見分け or 寄付 or 廃棄→家具・家電はリサイクル or 業者→重要書類は保管（10年程度）→**写真・手紙はゆっくり時間をかけて**。

## 形見分けと写真

形見分けは、親族・友人で集まり、希望を聞いてから。「これがほしい」と言いやすい雰囲気を作ることが大切です。

写真は一括スキャン業者（1枚10円〜）、家族で共有（クラウド・LINEアルバム）、フォトブック作成など、無理に手放さなくても整理できる方法があります。手紙・日記は、読むのが辛ければ無理しないこと。仏壇や封筒に保管しておくのも素敵な選択です。

## 業者という選択

業者に依頼するなら、遺品整理士で1部屋10〜30万円が目安。生前整理アドバイザーは、生前から相談できる存在です。

「捨てる罪悪感」と向き合うとき、写真に撮ってから手放す、必要な人に譲る（リユースは供養）、と考えてみてください。

> 遺品整理は、故人とのもう一度の対話です。「捨てる」ではなく「思い出と向き合う」時間として、大切にしてください。
",time
LIB-121,grief,95,自死で親しい方を亡くされたあなたへ,自然な反応と相談できる場所,4,,"大切な方を自死（自殺）で亡くされたこと、そのお悲しみはいかばかりかとお察しいたします。いま、あなたの中には言葉にできないほどの苦しみや、出口の見えない問いが渦巻いているかもしれません。

このページは、そんな過酷な状況にあるあなたに、少しでも寄り添えることを願って作成したものです。

## いま、知っておいてほしいこと

自死で大切な人を亡くしたとき、心や体には誰にでも起こりうる「自然な反応」が現れます。次のような思いがあっても、それはあなたが弱いからではありません。

**激しい自責の念**：「なぜ気づかなかったのか」「あの時ああしていれば」と自分を責めてしまう。

**やり場のない怒り**：亡くなった方や、周囲の人、社会に対して怒りを感じる。

**深い孤独感**：誰にも話せない、誰にも理解されないと周囲を避けてしまう。

**心身の不調**：眠れない、食べられない、集中力がなくなる、涙が止まらない。

これらの反応は、あまりにも大きな衝撃を受けたときに、心が必死に耐えようとしている証拠です。「今はこうなって当たり前なんだ」と、ご自身に伝えてあげてください。

## 無理に「前向き」にならなくて大丈夫

周囲の「元気を出して」「忘れたほうがいい」という言葉に傷つくこともあるかもしれません。しかし、悲しみには決まった形も、決まった期間もありません。

泣きたいときは、泣いていいのです。何もしたくないときは、休んでいいのです。思い出すのが辛いときは、蓋をしてもいいのです。

あなたのペースで、一日一日を、あるいは一分一秒をただやり過ごすこと。それだけで、あなたは十分すぎるほど頑張っています。

## ひとりで抱え込まないために

自死遺族の方々が安心して胸の内を明かせる場所があります。同じ経験をした人でなければ分かち合えない思いもあります。

**特定非営利活動法人 全国自死遺族総合支援センター**（https://izoku-center.or.jp/）— 総合的な遺族支援を行うセンターです。様々な相談を行っています。

**北海道内の自死遺族会（わかちあいの会）** — 道内各地には、同じ経験をした方々が安心して思いを話せる「わかちあいの会」があります。開催状況が変更になる場合や、事前の面談・連絡が必要な会もありますので、まずは各連絡先へお問い合わせください。

## 公的な相談窓口

どこに相談してよいか迷う場合や、夜間・休日に苦しくなったときに利用できる窓口です。

**こころの健康相談統一ダイヤル**：0570-064-556 — お住まいの地域の公的な相談窓口（精神保健福祉センターや保健所など）に自動的につながります。

**北海道いのちの電話**：011-231-4343（24時間365日対応）

**よりそいホットライン**（一般社団法人 社会的包摂サポートセンター）：0120-279-338（フリーダイヤル・24時間対応）— ガイダンスに従って、自死遺族専門のライン（4番）を選ぶこともできます。

**北竜町役場 こども・くらし応援課保健師**：0164-34-7031（平日 8時30分〜17時15分）

> あなたは、決してひとりではありません。すぐには心が晴れることはないかもしれませんが、少しずつ、あなたが呼吸をしやすい場所を探していきましょう。

もし、今この瞬間が耐えがたいほどお辛いときは、どうか上記の相談窓口へお電話ください。
",deep
